ID,x,y,Color
0,3.283106676124303,1.2445625897984747,0
1,-10.777688269416487,5.607603207101362,3
2,-2.429338042158605,-1.9250934022395847,6
3,3.975715651199717,-1.253313617542514,0
4,-5.101033477946605,5.667969416911784,5
5,1.7973512028780656,-1.6945649268510723,1
6,10.893381914645015,-2.5007014242027026,4
7,3.0467990631316266,-1.7995944241719184,9
8,5.718075255338731,-5.392914894163427,7
9,2.920034681799824,-2.5180370234217326,1
10,-10.613262334727665,4.148925413589161,3
11,-3.640275925220927,4.068502132483109,5
12,0.47338144065115095,-2.486693590201334,1
13,0.014123596199815847,-7.668935250621152,2
14,6.468607760908246,7.243264884506548,8
15,-2.098558567891496,-8.939944315452918,2
16,2.8428134194745462,-3.228248638510902,1
17,-1.429922693036957,-7.309196246278702,2
18,3.1176943662504226,-1.397942891216155,9
19,4.923814245734521,-5.553782423033961,7
20,3.4061380521455087,-4.5319361100588536,1
21,2.917921685084675,-5.066192171728915,1
22,-9.267868986715097,5.138740485787186,3
23,5.658908980720749,-5.942138031782417,7
24,-0.20650735122716735,-7.822716064522776,2
25,4.69872590145641,0.4537417057402412,0
26,-5.724820759518456,5.588756634718831,5
27,6.0342487697771485,1.2399158494854634,0
28,6.695986549458185,-5.824858273453015,7
29,-5.61557168323912,6.761995911704723,5
30,11.446916125712802,-1.2427801615503253,4
31,2.893913225932242,-0.252241203481611,0
32,7.119025529366546,10.569026924784229,8
33,-2.2352798175105892,-1.5228667973152152,6
34,7.572837671715442,8.64703140864811,8
35,7.801538494009957,8.143019540105614,8
36,-10.137421452379627,5.733838688410344,3
37,9.02935066147642,-1.5248911623389434,4
38,2.537704333718196,-4.1657034811739155,1
39,8.497596140465111,8.071389694332291,8
40,11.689049147872156,-0.9243116765060048,4
41,-4.934233055824827,-2.3047256350304237,6
42,7.845551387987317,9.059585999690581,8
43,2.8590479704256815,-0.22684170914622648,9
44,6.318542469580575,1.2295578596041479,0
45,6.495978566282449,-0.3474048928350315,0
46,7.753432909564532,9.295285862713392,8
47,3.0068818461659905,-2.7716295725695757,1
48,-1.2474697291330397,-7.710826542536976,2
49,-5.96563026479382,4.416586451875359,5
50,-0.37285482885428667,-10.426240205670096,2
51,2.232565245478592,-3.8773861549568713,1
52,9.37420246633666,-0.08940281707912612,4
53,2.2004145985404393,-0.48172311807661233,0
54,6.073212457726727,-6.936152837149383,7
55,0.8321073217120232,-7.388121778497713,2
56,-4.0424222295818275,-4.378614480619802,6
57,-3.302114409729861,-2.0187762187417473,6
58,9.260354173711933,-0.6653122913344771,4
59,-8.299766768094772,3.566139260143293,3
60,-2.8497790387077635,-7.603815390466919,2
61,6.885150797225051,9.360477717892014,8
62,-5.8793297024049505,-3.928483767499976,6
63,4.778290940269871,-5.687594040198728,7
64,6.131197045560318,9.583043527050638,8
65,10.032315163328727,-0.4327913814669647,4
66,4.706512441927426,-0.62968230496119,9
67,5.519309309963142,-4.959621402367642,7
68,1.257635825781115,-7.024165158323596,2
69,-3.4529434100966485,-2.328649492558918,6
70,-4.587224466521644,-2.4773740549272967,6
71,4.604345105150633,-0.49230549104154875,0
72,-1.3299867159850682,-7.559099073454645,2
73,2.0723844878096496,-3.4251977534368065,1
74,-0.6288154237722603,-7.635208792888974,2
75,-0.13980168798243986,-6.916885693009558,2
76,3.904118045578093,-0.07851140515598107,0
77,9.331566724614607,-0.40290554978106335,4
78,-5.318112059294678,-2.885256691268801,6
79,3.066820333770206,-0.5247184582663226,9
80,2.75207712146128,-2.771404963482228,1
81,-0.00422867945047023,-7.360403499386102,2
82,6.947214021101756,-5.225167574661638,7
83,-6.1296453909028585,6.80789762483605,5
84,-6.038327114164361,5.466484750100811,5
85,9.50274580688166,-2.2100335165031337,4
86,5.2943618625841635,-0.8767134228132765,0
87,7.970594193735041,10.141022365732427,8
88,-4.586243768001443,4.435822980583195,5
89,-1.0020289704017105,-6.10390837155888,2
90,-3.700095043676744,-1.713416081016005,6
91,-3.8003066623596498,-2.63602378273496,6
92,5.593251376607518,9.20774412261951,8
93,-1.3129120967205368,-7.95838944663927,2
94,-4.97250826126176,-2.5202118641505376,6
95,3.8903377377769104,1.3452917571075402,0
96,5.8762226411065726,-4.126174654369404,7
97,-3.119567717855835,-2.1474578052697444,6
98,-10.069609807404534,4.148967768755904,3
99,-5.631269030891739,5.520685424197288,5
100,5.373218074941513,-4.0385301967483445,7
101,10.56467923492783,0.9718548441928008,4
102,4.066310236829224,-3.76679365568651,9
103,5.988308847717473,0.2113372659094001,0
104,7.196076256830621,-6.295283959353428,7
105,-6.260008393668436,-3.257015830956398,6
106,-5.6845854300857095,-0.7364353586055086,6
107,7.665898107888817,10.43125960147544,8
108,-10.004072580530455,3.5921147199526606,3
109,3.262468789654389,-1.2455569801704094,9
110,-5.550735908827011,-1.4724897897025868,6
111,2.128885191925319,-3.1904641505449742,1
112,8.836008643094935,0.0013975619554434382,4
113,2.5875713782464076,-1.2482661796576204,9
114,4.999269265702359,-0.2003588796947861,0
115,-9.756497210519468,5.951410138633279,3
116,-6.643039561691439,5.430474242131583,5
117,2.972855104120555,-4.437649339094472,1
118,-1.6638186921904654,-7.956613549562501,2
119,-0.7866145401306812,-8.367804104552613,2
120,7.0344160200623245,8.952585367536328,8
121,-4.092599495579456,5.3390508053812376,5
122,4.028741486820587,-1.267202454324346,9
123,-3.3893757859669864,4.4962853858032945,5
124,1.5628952050949723,-2.289045879535525,1
125,5.882926902967264,-1.6414866010339482,0
126,2.4686156143175104,-0.6766257027970423,9
127,-4.066491191663615,-1.5019901335067796,6
128,5.866398744713148,0.7048131312428333,0
129,-5.950091953661888,6.928730907961118,5
130,-1.862730012558829,-0.6068002646696273,6
131,-1.628562067561354,-7.6284975005518705,2
132,-0.40136542411052456,-8.097679275442056,2
133,-0.49938083473318373,-6.511472617810204,2
134,2.5896966679218143,-2.1080403649784274,9
135,4.017822636503498,-4.559476702063895,7
136,-2.4223680301564547,-7.057531904956314,2
137,10.244886612072449,1.099020846806421,4
138,6.073671321412842,-0.3994634352345842,0
139,4.563881043033011,-0.8155331382666685,0
140,-10.562739856633543,5.626960204956447,3
141,0.4551596425482889,-2.7024230947606656,1
142,2.236359408613512,-5.7084263853584005,1
143,2.395028518440137,-2.827794739454087,1
144,-5.304160530456494,4.926028663927573,5
145,1.7325572009139023,-4.076375881102426,1
146,-10.725075321687223,4.5933608617493675,3
147,-3.8328724026519403,-3.932292009436118,6
148,0.16967077484598603,-8.131069916067652,2
149,9.440353058482776,2.052902914325686,4
150,-5.402626655025726,6.291242347511512,5
151,-0.9627522259380127,-7.084928356130823,2
152,-4.350393663020999,-3.0644096254357844,6
153,-7.582689041680135,4.264928440102491,5
154,8.543991701924497,10.703444621877019,8
155,0.4775182739819084,-7.001023076757184,2
156,4.200952064863969,0.7565500324541574,0
157,2.3954651844667474,-2.7056963549754904,9
158,10.051047168993424,0.9887558114570341,4
159,-0.7998220804323555,-9.558813170506912,2
160,6.0423204509983615,-6.464202528949287,7
161,2.8197130602958644,-1.107138155287196,9
162,4.030591463211977,-2.0990222542979957,1
163,3.8358972306935084,-6.90945541534514,7
164,11.055143413224584,-0.11374938769175186,4
165,-2.497788212669152,-7.599120587026743,2
166,10.022335259966823,-0.32725351781892653,4
167,5.281147944675189,-5.6243097005637255,7
168,5.447181676173328,-4.641575440150573,7
169,6.548859138899713,9.673038268922825,8
170,2.4703274593757834,-3.181965510684126,9
171,-4.158886997410042,4.231082299144771,5
172,0.17389035912046769,-7.138493885502202,2
173,1.8558382190251632,-2.8515910824234214,1
174,-0.6440520966059675,-7.990547191500042,2
175,2.766359589257848,-3.510793483021553,1
176,7.1350750990669365,8.719709992659167,8
177,6.78784680104626,9.755086907789652,8
178,3.6884730757648976,-1.1823177463998629,0
179,11.484445333964377,0.09753567399440172,4
180,3.8239303377157183,1.8973004212823557,0
181,-1.7391984961746134,-7.608142932597576,2
182,4.23520999300651,-0.5767059377723762,9
183,3.8637952017447557,0.060091116985518944,9
184,2.4792104345522445,-3.599916173292343,1
185,-0.2889141427628761,-8.451806035549534,2
186,-2.343233209953801,-8.59895652882993,2
187,5.551943153933201,-5.747400152968971,7
188,-5.878152528304544,4.554324572844732,5
189,7.433242819050785,8.780982376399416,8
190,-9.197687457573563,4.376547956491368,3
191,-2.9668634626256494,-5.976236082410112,2
192,-9.611036824866252,5.308074551163675,3
193,-9.135570843056634,4.619200262523466,3
194,10.838132091815243,1.1025944414137427,4
195,6.671805789477272,7.617628999958144,8
196,-10.321952732077511,4.12138061971762,3
197,-5.037005259387934,-1.5690027585902881,6
198,7.076861241161835,10.517233906699381,8
199,-4.78707462867358,5.043006732384215,5
200,8.697800453237459,0.9251489854733745,4
201,6.3495860961211585,8.772472174952425,8
202,6.272338184193428,9.552071194587645,8
203,-5.476175983929135,-2.7554962771759985,6
204,6.630472642322385,-5.802513515792594,7
205,3.664397009552732,-3.7158903358686377,1
206,5.926926171698326,0.37243195458075373,0
207,3.803172873606638,-0.6262629130906273,9
208,-1.3776211360309,-8.142495253151216,2
209,-0.8346901089446557,-6.960116028004077,2
210,7.22985669764081,10.094485368209275,8
211,-11.109887551283592,5.226354446480822,3
212,2.8718783168781816,-0.4755627888535462,0
213,-4.373379288289881,7.431917595169422,5
214,3.1282003174637882,-1.365389000195077,9
215,8.84321908149498,-1.0869834016838436,4
216,1.8708178078743847,-2.181293377268562,9
217,-10.632138384937152,4.5409191516758645,3
218,-9.136780573635155,5.410122644674453,3
219,-3.736059161324544,-2.9162001266115083,6
220,5.282407603874113,-0.16315877507978124,0
221,3.7512057852813734,-0.14289468889557222,9
222,-6.24443011389647,-2.764843999218214,6
223,-4.898919341095462,-4.181016611570091,6
224,10.07368550222628,-0.2191899530558355,4
225,10.61698814355322,-0.9730985213010157,4
226,3.167933514866342,-1.4775541342683438,9
227,-4.09936451243855,-1.4648743620511273,6
228,-4.878714666948841,-3.049896959075613,6
229,-0.19884364201910065,-6.529797015421691,2
230,6.5586638229792396,-4.8928008564125935,7
231,-5.32845419025238,3.822656274328984,5
232,5.883391978068717,-0.19735189502965889,0
233,0.9174827721392618,-3.278503595136511,1
234,6.388872159979449,-4.141340330255895,7
235,7.171240005797901,10.658057746835345,8
236,-5.855220263587249,5.56952410284288,5
237,7.331855429868604,7.149581495515486,8
238,9.914224289359344,-1.049600554463046,4
239,9.928305963463407,0.794004440466443,4
240,-9.919176763924701,5.084334440124488,3
241,5.958728700753148,-4.727644235898377,7
242,2.9460152228648977,-0.7708513297631558,0
243,-10.161559110385417,2.9209614340936865,3
244,6.910590689817583,9.057141579023284,8
245,3.8366529217898595,-0.9943319084704243,0
246,-5.6185079130745885,5.304221466084133,5
247,5.336308900036869,-5.836461905223485,7
248,-4.737069131924658,5.192956843523596,5
249,8.645555762395967,-0.8309734245179661,4
250,0.39694135706709344,-2.650229141291174,1
251,-0.8255360071942135,-8.518639626518684,2
252,-4.544833868187675,5.322263046272278,5
253,5.15754392763552,-4.607406655624052,7
254,-5.476706044440706,3.2764891285355198,5
255,-0.2312773619874886,-7.131186163746968,2
256,5.571298756588265,1.620195264132286,0
257,6.010920370965491,-4.765283315243947,7
258,-1.735850450696181,-8.291956560090842,2
259,4.899090982915552,-5.937985322893292,7
260,4.637591000162772,-3.039715348739998,9
261,4.014469968010887,-0.07120630620808584,0
262,10.766959819903779,-1.2396644384653566,4
263,-5.440685982241775,4.456783190522909,5
264,-3.525573850836291,-2.6763650248391495,6
265,4.34165897287237,-0.6139225773600656,9
266,-4.336824491061937,-2.5036221844974875,6
267,4.879336362320176,0.9479152653711069,0
268,-9.885285291664008,4.285605224594791,3
269,5.8087095939390405,5.561836358008055,8
270,-6.34330401046741,-2.8131273241736148,6
271,-1.7644455482810015,-7.714111632986837,2
272,9.791289948343351,2.2057379330865117,4
273,8.546540362245223,8.395218351410453,8
274,7.724849446056262,8.441677281333094,8
275,-7.243202034374318,5.305426618223419,5
276,10.513258871801558,-0.8462951235497979,4
277,2.3685828803215356,-3.084799007271303,1
278,5.797715091476242,7.282596154918917,8
279,3.7782910426940823,-0.9348249727943005,0
280,6.128490390810242,-1.2581064193900486,0
281,-1.1721180817946184,-7.965321097375687,2
282,4.602044462099804,-6.230100931065386,7
283,-6.937323456427573,5.269065107476207,5
284,-11.317353762756087,6.058251457258908,3
285,6.498063879134561,8.141871854179904,8
286,-1.7194830618252275,-8.898595454322132,2
287,5.256847256809707,-3.540839373077769,7
288,-10.405981242506828,5.193785970137581,3
289,5.431891365509498,-1.225473645461915,0
290,11.549595882174298,-1.3992677671360982,4
291,2.674709586982165,-2.8669317630396396,1
292,-2.7543001093660155,-1.5556366777416941,6
293,0.7965338224912417,-3.8289753775899373,1
294,-4.68662680714418,5.800075566863146,5
295,3.1944767561702974,-0.060121080592698606,9
296,0.8270495703990295,-0.0961305445858438,9
297,1.5485385179569122,-3.0189763042514866,1
298,4.118198934983947,0.5086495882662234,9
299,2.1407305650833743,-1.8964316243948471,1
300,-12.104223436787372,5.0257080057638035,3
301,-10.051825177597625,5.071390341013129,3
302,5.72281417484231,-6.668239861384638,7
303,10.075120879141911,-0.006364966854541743,4
304,3.4880337256734624,0.4715302850820142,0
305,-3.4449938807566736,-2.673080534455007,6
306,7.284705641313215,9.448577870168,8
307,-9.855448700395383,6.643757586218756,3
308,5.110218749756369,-1.37797351986079,0
309,-4.06573639951362,6.800280693678273,5
310,2.822013981776887,-1.6107476994118988,9
311,-4.117619371845407,-3.5912622473626357,6
312,5.037995597386567,-0.7004163250886155,0
313,1.0073234971118075,-3.3547634565832127,1
314,9.047697318741347,0.14905857483665141,4
315,5.614991786166637,-2.8378463323696823,0
316,9.614114162366803,-1.297699171921566,4
317,10.594781563440756,0.3865968244387825,4
318,-7.497090886287992,5.795046726673234,5
319,2.54983356417933,-3.1504986530599255,1
320,10.772618374730143,-1.0410206467400294,4
321,3.3420786245633254,-0.10065480456365306,9
322,-4.847049087384856,3.447053391708293,5
323,-3.2272950803095934,-2.6147452816990593,6
324,-5.8469845555071736,6.890258463569093,5
325,2.660615532815428,-0.9546750382793131,9
326,-3.3760677295816217,-6.909631302449872,2
327,-5.530057654316893,-3.596861545744555,6
328,3.9563540667989745,-1.3571812527806926,9
329,8.298100622849546,-0.6539718864594692,4
330,0.8955303458583761,-1.965699807873162,9
331,7.833225082245861,-6.717333574016984,7
332,8.046903656712068,8.817974537611716,8
333,4.09873091913224,-1.104172890727516,0
334,5.885017937342065,1.220554581714916,0
335,-4.745914507741213,6.216315175566931,5
336,7.790883351968721,9.369162654626615,8
337,-9.748851626067434,5.726893634477211,3
338,-9.714819727793508,5.871021553489146,3
339,1.6156283017242723,-4.330097442876925,1
340,10.054269083406547,0.22288268420892487,4
341,-1.4500641168272694,-8.284537356839216,2
342,6.399025801308985,-6.327756223723693,7
343,9.546009877344247,-0.18942608615162743,4
344,8.654276845107557,0.6895845190480606,4
345,0.5276839288951207,-2.8984623813348267,1
346,3.660695853331241,-0.4389731630749663,0
347,-0.881983708088196,-4.965768308463162,2
348,8.4108602828302,7.983213237394806,8
349,-9.472712648119403,5.5403878134221065,3
350,11.192411897102515,-1.502599274731075,4
351,4.928813694264522,-5.586758752542302,7
352,-6.484675592266381,-0.4481926610893292,6
353,-5.625658831513928,6.033012257957274,5
354,5.774206675227596,0.04629054933676027,0
355,9.537088787988255,0.057342988777811466,4
356,0.4614053985632762,-5.829261534960758,2
357,-3.7863162564757538,6.245200888808416,5
358,4.960056708078015,-4.852861103177717,7
359,2.2481218771238067,-3.439572072246556,9
360,10.360661232537035,0.6602365756274587,4
361,-6.395454536626775,-1.308064384850183,6
362,11.491361671585356,0.09821938988108014,4
363,4.379853982580782,-2.6080506900428,0
364,5.059564144691861,-1.5591178955589815,0
365,1.1981907843506652,-2.3088428491736437,1
366,1.9901811022711804,-2.718239031789733,9
367,3.3218775665913727,-2.7478191412810653,1
368,10.428236583197288,-1.187098637654291,4
369,-10.963542264815889,3.9621329634781572,3
370,10.795727366760161,-0.9932465986860293,4
371,9.845379991077305,0.31772797621882876,4
372,3.963777694148451,-1.2350077103654669,9
373,7.690063254170674,9.897704897922049,8
374,2.3692481937568157,-2.621565705595878,9
375,8.552442536299404,8.543697315151212,8
376,3.8570322789201748,-2.092195827132776,0
377,2.051486634069059,-5.132797207876335,1
378,3.7149867661639138,-0.5672645919814796,0
379,-3.9349227303299035,3.9181327362061498,5
380,-5.313100242642818,5.089238431114131,5
381,9.293496720607035,-1.7291848576569415,4
382,8.908701782399326,0.09191213123274133,4
383,8.617993309720152,9.874556879206715,8
384,3.7691564910452726,-3.2189163423225566,9
385,10.455267412335163,0.9819792946085817,4
386,-10.427358261318089,5.589819408448031,3
387,2.435681111747972,-0.25751158211035974,9
388,9.165178134570352,-1.0949218165209758,4
389,5.396977904798392,-0.9220369393124634,0
390,3.7212012676014257,-1.3422416502397734,9
391,-5.345136283100609,5.829691399306535,5
392,6.795240273110325,-6.032776214217989,7
393,3.405148039986215,-1.3464314001415714,9
394,8.440322102767707,9.334449672704597,8
395,-9.832491252894778,6.2142939210040735,3
396,3.8408876049592795,-1.3716304356063733,9
397,-10.584483793963274,7.039201648655994,3
398,-6.262400065248521,5.479815636972115,5
399,-4.058305663370176,-4.534794031321934,6
400,7.096699463007608,9.937077925714908,8
401,6.375607273270798,11.324635497875207,8
402,-9.802774578826675,6.523019783696916,3
403,0.9061487213915906,-2.744689904684134,1
404,-1.3637701621274119,-7.145121954519098,2
405,6.017992585612633,-0.7596374444227599,0
406,-5.627624992744281,-2.4721669906883887,6
407,6.875181545794794,-5.066968639568753,7
408,7.033397798881662,-3.538576667897929,7
409,4.636793003069798,-0.676668495400564,9
410,10.255503019223678,-3.0146743402597176,4
411,3.184737395881058,-0.1221641896431522,0
412,6.2673258881747,7.979052001922128,8
413,-5.952747659533909,-0.8354092176028434,6
414,6.388656348959976,10.318798937470536,8
415,6.538323322109241,-5.360044942566066,7
416,10.583765965139435,-1.332856218687077,4
417,-2.23256141123216,-7.059702778453874,2
418,3.4939446165021733,-0.8024676249915921,9
419,-2.7834527888244756,-1.0700809654257346,6
420,0.46194685070567565,-6.2614253485429145,2
421,-1.8869305022986786,-8.036149919715031,2
422,3.5708876738346955,-1.5830506213595803,9
423,8.556954124842768,-0.6922757262248065,4
424,2.7330986481923167,-2.0975812484641074,9
425,6.0815044605725195,0.911303715623456,0
426,2.1847461117776765,-3.5038284070452894,1
427,2.833452613936067,-2.1269983300193993,1
428,4.222449855971691,0.8578015200934789,0
429,-5.15378677791981,-1.6754286899502677,6
430,6.78876265271418,7.668691675447805,8
431,-3.462591182271584,-2.785595493151583,6
432,-1.0900676841521728,-7.689117046168823,2
433,4.706992844471427,-2.986021783950019,7
434,-0.16546924625415949,-7.314526328421957,2
435,-2.816672421282843,-7.723900429534516,2
436,2.7020948487819934,-2.937218360496505,1
437,3.5976502852708605,-0.1561160392667586,0
438,2.8483278138970016,-4.551629923913512,1
439,8.072190158212752,-5.8284171984387125,7
440,1.8097698865090392,-1.4224044488595937,1
441,7.196309229720053,-5.010571688957958,7
442,-2.859065078106198,-7.178027119656034,2
443,2.2711132716191913,-3.346560946095505,1
444,-4.743566937095646,5.877240569480853,5
445,-0.147732299461109,-7.014464283081468,2
446,4.98029340921755,9.375785899838103,8
447,-0.4049823433692328,-9.007585512355586,2
448,-0.046125148662829796,-9.499150749844349,2
449,6.877154936164273,-4.819889226984213,7
450,3.2116167232483273,0.3291554976779689,9
451,-10.091557735045221,6.513420164634085,3
452,-10.64251329026042,4.028951855149237,3
453,-6.843138709541105,5.417482886128243,5
454,8.29471717122637,-0.5554621319688418,4
455,-3.64399526989528,3.1602339574257527,5
456,-1.6378630216228711,-6.964402970170734,2
457,2.2280462662913814,-1.7661574676562486,1
458,4.167714513366818,0.008023670538990196,0
459,-5.311927220495102,6.922356544920747,5
460,4.126509739843588,-1.5769899610123455,9
461,4.016347032961103,0.34590734783990784,0
462,5.846419380843437,1.089555850854122,0
463,6.9914998265542305,8.317394773910257,8
464,7.454739733372314,9.269069082325966,8
465,9.24208290827665,8.888608693037776,8
466,0.39319308196644753,-8.358836834685162,2
467,-4.592945026412282,5.506584712516209,5
468,7.4120380357760345,7.548005231454663,8
469,-6.7131497649798195,4.61829316498516,5
470,4.697687438593328,-4.938031189276101,7
471,5.3006120090938555,10.113825191107987,8
472,6.955859918884338,-6.19247050037176,7
473,7.0927726723991285,8.372233741386353,8
474,-5.215596345542329,4.962610669923128,5
475,-5.162525954211725,6.028658043027201,5
476,7.747951072632606,-1.4919211449910073,4
477,8.078995652115713,9.330335050899341,8
478,-7.782260872777666,4.893663916518664,3
479,-4.465150044812569,-3.107095534874909,6
480,4.36803552240093,-0.5095724805793939,9
481,-10.902577403057403,5.951225765923234,3
482,-4.419603019158103,-1.8758006648142902,6
483,10.985258471712623,-1.862654626265826,4
484,-10.21957533221304,4.712829872519334,3
485,-4.789252164870869,4.589627340236668,5
486,-5.241186735506414,-3.2332917965990924,6
487,-8.526648941167881,6.3258083389331,3
488,9.612036037628636,-1.207804412079367,4
489,6.1533579898848,-0.9090875616174042,0
490,-5.4261087327909605,-2.3035971933271626,6
491,-0.4208544929825955,-8.157490858725907,2
492,-2.904900037854076,-7.369315556217432,2
493,-5.025186229006024,6.340692610549497,5
494,3.761874041888398,-1.0159221014535758,9
495,10.43696618976294,0.5725007789428148,4
496,-9.238145283246697,4.54882974777638,3
497,8.853492477000056,-1.2220744019955754,4
498,7.555818958065153,9.669505371633976,8
499,1.0197536313988353,-2.698301193629318,1
500,-9.84893840914137,5.426340790957728,3
501,10.564657903413442,-0.6324851874745703,4
502,-4.769492948318523,4.620490196688293,5
503,-10.240318046046479,3.798246257479283,3
504,3.028077488690513,-0.10887484084109315,0
505,1.2449906411438811,-3.18132653260146,1
506,4.198923162699361,-2.071043608518684,9
507,-8.920443338004215,5.223740528746639,3
508,-5.710904530323846,-3.3295927684363607,6
509,11.33948211264988,-1.7031165789351919,4
510,-0.8260342579087157,-1.8427012896875101,1
511,-5.972107816634603,4.417703605958012,5
512,-1.6323308553767584,-8.8592175864457,2
513,3.9895697208043934,0.22705623886105164,0
514,-4.745816427219926,-1.522324624906104,6
515,9.694330416305004,0.042399241867767334,4
516,-9.845878893396453,5.183082131623453,3
517,3.4071745494983756,-2.6191424413695903,9
518,4.973008837222986,-4.8170677671378215,7
519,-6.70846025244963,4.5494464808838355,5
520,-5.109836127228214,-2.280254166373963,6
521,4.436412263393986,0.46785932456931223,0
522,-1.2546285092790388,-7.675055382011253,2
523,-5.32811528068064,7.027246265755434,5
524,2.2496826972081507,-1.146732713424988,9
525,1.0085163129850505,-2.734968563774286,9
526,-5.401288634107794,-2.3152946856857968,6
527,-1.560635080344709,-9.724966685101007,2
528,-4.172102227011553,4.712731355344643,5
529,-6.654131261774522,4.161089388167479,5
530,-3.2175918931744345,0.5739868706256477,6
531,-9.919979837966629,3.700973300799928,3
532,2.5750184358028894,-4.583918148049796,1
533,6.160335178094795,10.674722498002696,8
534,-4.9364961783379915,5.981196167756597,5
535,3.712925083870741,-2.9720149271641145,9
536,1.765510911279621,-3.819290439697382,1
537,2.34507665700786,-3.067467212085661,1
538,0.8357228875961757,-5.826118300285831,2
539,3.5755330957807314,-2.1204179142268473,9
540,4.49480035990252,-4.212955949924925,7
541,6.851026807401606,1.0055694641923827,0
542,-1.4374842376400851,-8.648503801937782,2
543,4.980988099083111,9.363972860251494,8
544,4.009208863900825,-2.8085361651494645,1
545,3.189625445115956,-0.42531398971096956,9
546,-9.60291618792736,5.716765303913351,3
547,7.257189205763323,10.912740360490702,8
548,-1.1911179963259695,-7.067971708732598,2
549,-2.121205105836427,-8.470027259773886,2
550,3.357936880489512,-3.6901339314117325,1
551,4.976487359286369,-1.4198446876045323,0
552,2.768544053439403,-1.217219055835626,9
553,-4.843859608229954,4.511082053636508,5
554,4.386208221333744,1.1849671843052603,0
555,7.346450595267843,6.905667406668337,8
556,10.94111453965704,1.0224374870372122,4
557,3.7150775359534847,-2.8097168462922055,1
558,3.4869961361407595,-0.42414819685273114,0
559,3.027423816457697,-1.717414956943269,9
560,-7.030815281476956,-2.6897121946444047,6
561,4.790839475650509,-1.065593832260221,9
562,4.293160065547615,-3.3787113850969535,1
563,-4.232794852836639,-3.712396647182061,6
564,5.009793512941169,-1.5909322794934813,0
565,-5.204884947222439,-2.2791809677382977,6
566,0.007032271740886387,-7.8378801449352915,2
567,3.772999471289153,-3.3964272709645966,1
568,1.3103700359502255,-3.230441426505797,1
569,7.793466715246076,9.862296889132827,8
570,0.9676954028569269,-7.957470687764413,2
571,7.925666773532085,9.65045829893742,8
572,-4.0849450637879565,-2.8688253272989646,6
573,4.1381033632819975,-0.8676258543106514,9
574,5.206021115939661,-1.7754021650387932,9
575,2.6817224309085113,-2.4422729933274834,9
576,-4.675152639271171,-2.4837110687608117,6
577,-0.29976260448858105,-7.404739690651725,2
578,5.618276613268899,-7.19638752794758,7
579,2.9576532672181814,-3.0023413735962743,9
580,1.6329095271501521,-4.01667889706025,1
581,6.227520450363679,-3.286693775943281,7
582,6.7303553541195775,-3.120687689853177,7
583,6.1520200988345906,-4.798724204956037,7
584,4.109368387103094,-0.7338140242258068,9
585,2.6474135308846187,-3.3309542572708426,1
586,2.201396292637163,-5.615770420136581,1
587,-5.532018390802151,5.794106664836335,5
588,-9.830081682012606,3.8724237500923935,3
589,-3.9430407959622835,-2.810322407822576,6
590,-1.7282552965100002,-8.743620739755855,2
591,1.9800983379757862,-2.86938505855538,1
592,7.03263312904526,-5.677591409954619,7
593,1.298330775255561,-3.737316924727786,1
594,-1.0837783225885271,-6.260865856552231,2
595,3.1130721404249178,-0.5648401231162795,9
596,-0.5683369302048343,-6.811964013234592,2
597,6.270503543045003,-3.685794116656571,7
598,-11.937047715930039,5.3734489505409835,3
599,-0.5322624771449307,-6.736631477246388,2
600,-10.235347448966074,5.531109811379039,3
601,9.385208162794946,0.4612858542831677,4
602,9.075991434418182,8.412698612104352,8
603,-2.6300714771675473,-1.8521883145388083,6
604,6.378464854048582,10.620202980928058,8
605,-4.560788970880993,4.85193416253112,5
606,-4.193695423024717,-0.7918878309269239,6
607,5.612779228975647,0.28709461613021486,0
608,2.465066845509496,-1.357939577063284,9
609,11.21421116402932,-0.7779085592150335,4
610,5.311418406803008,0.4078888356424043,0
611,8.546098302607769,10.906450001037213,8
612,4.659891500343519,-1.5365479708766663,0
613,-3.9508117687059006,-1.406246874098986,6
614,4.871468192538186,0.19962526796408003,0
615,-1.155323666706359,-7.61432907856323,2
616,11.160492491757344,-0.6016079775741409,4
617,2.5271844621229107,-4.137811200435936,1
618,8.676348975272775,-1.0044197267216783,4
619,10.28219352954939,0.6976050038310756,4
620,-9.085356666718212,5.758953711997722,3
621,5.678438534643915,-4.84025394662968,7
622,10.000845938321818,-0.11273889437322945,4
623,-6.32127057261158,7.073734107814706,5
624,-3.8301750561410266,4.814441661452371,5
625,6.655695728077914,-6.003327625721297,7
626,-4.936362708416233,-3.3623483155087515,6
627,9.15081586884574,-1.8528147597746794,4
628,-9.91603783003617,6.009856021813495,3
629,1.6159251664147907,-3.0439324154002856,1
630,-0.23087113231988388,-7.787475565197933,2
631,1.8216880735322818,-3.0428787372353723,1
632,2.545825066616072,-3.835140149877622,1
633,-9.996546770765299,5.282915045100763,3
634,1.2298112882372325,-3.7510566914568395,1
635,-9.32330274591555,4.644463937887943,3
636,5.001113480668384,-3.9447597145435673,7
637,3.913143847538286,-0.9688359216239019,0
638,-1.762430710280019,-8.433508304904342,2
639,11.386330486741972,-1.1082906778990904,4
640,-8.946224372854225,3.90504566681767,3
641,3.679759446436354,-0.6498788813610518,9
642,8.976523803168673,0.37430027885773043,4
643,6.9690071923573935,0.18881019636306262,0
644,3.140428500821729,-3.512764985909504,1
645,-0.5654411034209109,-6.948792534359117,2
646,-10.102062838284288,4.125758893063427,3
647,7.4992470657260935,10.70383179515334,8
648,1.6588905051073888,-2.3570545327841805,9
649,6.450955537909005,-2.0968498959088167,0
650,3.9945345631775946,-1.4408329997768936,9
651,-4.262156262491246,-3.929256508702293,6
652,-1.9597114850360229,-7.194361869869895,2
653,4.618391338068919,0.1722188965336826,0
654,6.859571232409891,-1.3839015729380786,0
655,2.033230923853339,-2.774690941720336,1
656,-11.68600632220377,5.731707169871101,3
657,-4.788077997873163,-2.002747178602714,6
658,5.498396927209304,-0.25156544798520375,0
659,1.9297413086362019,-2.3637334131839163,9
660,-4.3859686704647105,6.630303504610771,5
661,1.9200851068300369,-4.140802094798885,1
662,-3.969077497183182,-0.3095056274646537,6
663,5.862464732746283,-0.5089954695699281,0
664,5.506941083196981,-4.331792673632476,7
665,-4.881864883589447,-2.590547690982107,6
666,1.9258047076358025,-1.6854091920219985,9
667,-9.087081082094384,4.124034303451946,3
668,-2.242914240563535,-1.9269536221520913,6
669,-2.5573219619492997,-5.976403496420219,2
670,6.414557618536504,9.420785245704968,8
671,-2.272391690414807,-8.851573622096298,2
672,6.1797273817223175,-4.732747456932493,7
673,6.400217841505272,-2.0199585809638667,7
674,-3.2216644937241274,-1.5147736173946398,6
675,-11.460321556658293,5.419969183182987,3
676,-1.320385389568536,-5.713547410272095,2
677,0.3477780358747393,-7.301463332180913,2
678,-5.416084415803265,3.265365626184807,5
679,4.2074814244331975,0.8106939785637989,0
680,-3.9631098232221103,-1.0232260755874514,6
681,-3.677388428256947,4.370839241526173,5
682,3.2076492217826225,-3.3374775177135496,1
683,6.306560974757312,-1.174763236383233,0
684,8.225917669221301,8.288281757957577,8
685,-7.463094532755438,5.907835723914206,3
686,-1.9574674252480442,-7.771928629990446,2
687,8.103738446052152,-4.850516666722907,7
688,-9.201246804823505,4.684997781577822,3
689,7.815700836548277,9.23797573980431,8
690,7.11427579481006,9.839037478839474,8
691,5.818550733931895,-1.3189463732266022,0
692,7.410478202807408,7.102740315014404,8
693,3.00571854118319,-0.5694886447703935,9
694,5.567159315493281,-1.9863506178405024,0
695,10.137258841301854,-2.0226497796625837,4
696,3.3546502626109023,-3.838103472363592,1
697,-7.756083960261789,5.733271065388116,3
698,-0.5878375988420723,-8.242798161763831,2
699,5.9809885260698845,-4.549116131408113,7
700,3.9418943388031282,-1.4074834108153091,9
701,-10.777015919990586,4.287513263665895,3
702,-4.994315684208891,-2.5828871787404695,6
703,2.3093913566009125,-2.761951100388865,1
704,2.3294646592818884,-1.5686544431362466,9
705,7.2996100018968075,8.258907845059584,8
706,10.167162050880647,-0.557680035586329,4
707,1.3688078743492356,-4.16093951342693,1
708,2.923861674378756,-0.3848722846057081,9
709,9.328771602151846,-1.8882473375601232,4
710,6.018154711610646,8.170641590155585,8
711,3.9184010326359764,-1.1226323930997602,9
712,-5.846556851388684,5.792584049710604,5
713,5.250429095702057,-0.2907293074362196,0
714,-4.579433632424905,6.020481986100201,5
715,1.1153853023035685,-3.229734678558568,1
716,9.423131651703496,0.0318298074830049,4
717,6.052894138548762,8.566271538502482,8
718,10.113101290913596,-0.6780795817605274,4
719,9.522400399261006,0.17731853717851115,4
720,-4.618249590676181,-2.7637024050353696,6
721,-1.0913200830513512,-7.302262962476754,2
722,3.9191155789214136,0.36828673846832977,0
723,2.8901820930994013,-3.8415950069191735,1
724,2.7053023929041538,-0.4874704616655475,9
725,10.935556077895967,1.1923777926102759,4
726,1.4622177112725927,-3.137126203255463,1
727,-10.435504662039902,5.397001424893747,3
728,6.51378614450887,9.854035858177735,8
729,-4.361929212526274,7.953481076982082,5
730,3.5153945785813074,-1.535258232591219,9
731,-9.21283796647553,5.70831927268611,3
732,3.0589243059185276,-4.059247944866969,1
733,11.714541015800831,0.6723010341338097,4
734,0.21131853586407567,-0.11831390931350105,9
735,-4.309213458522687,-1.7259667879667904,6
736,4.786904196304221,-5.718189159210782,7
737,4.160583758430848,-4.828897859453687,7
738,1.6971052133618318,-2.143044075127424,1
739,-4.010660455469123,5.699490920179275,5
740,5.6092763174731415,-0.6465231082208909,0
741,9.678732657471306,0.11983509115589186,4
742,6.0785573298923286,8.296937718335176,8
743,0.6688152512536574,-2.7551780448647514,1
744,6.6041413313235715,7.281877787788896,8
745,3.620108571727076,-0.515968268855774,9
746,-1.8179536174797994,-7.862115744018382,2
747,4.446241243633543,1.822378397868412,0
748,-4.226735311403234,-1.9816053188844212,6
749,-4.79481896653825,5.600462391117627,5
750,2.915973352743176,-1.6615421844409084,9
751,2.4558661526546866,-3.415795594438073,1
752,-8.757103623165275,4.523018589539669,3
753,1.625878768910611,-4.032953764541208,1
754,-10.400798158441916,4.911010365763707,3
755,8.427122823949986,-5.634311389845744,7
756,2.979629912714941,-1.7490428730503214,1
757,2.17554711292699,-4.033320961022125,1
758,8.993806908383402,-0.35038583867060463,4
759,9.20100567847886,-1.7653247167741537,4
760,9.656636972309009,-1.416162304886874,4
761,4.639905237832405,-6.254313966939247,7
762,4.527413663362703,-5.069166905621052,7
763,-2.639766844388531,4.97782518932145,5
764,10.029145003445048,-2.029189526083607,4
765,3.056817891430533,-0.9627313953194158,9
766,8.94543914192258,8.371805071388401,8
767,7.234902367610578,-4.790992934858122,7
768,-3.333562349193266,-1.3081031984153284,6
769,2.1997862613343675,-0.45343704639665416,9
770,-3.451912047588432,-1.6370785392354097,6
771,-4.564203227583672,-3.1238830999164344,6
772,-5.923290231188067,5.113219894882592,5
773,6.933344516843113,-5.398791559078969,7
774,5.848110635494743,-5.71540343268983,7
775,-5.854489176101777,5.964315707226813,5
776,-3.6662910876499257,-0.5112459786996837,6
777,6.69482287394288,8.09491138930766,8
778,1.5843355803925896,0.0870382046561966,9
779,7.078074352019877,-6.6495807908396785,7
780,7.881772672727641,9.021299058967134,8
781,10.415629021702346,-0.5069617191466345,4
782,4.141074105672811,0.05514317383300629,0
783,4.008394550653574,-1.7637327918133017,9
784,6.295596138314439,-4.353217684398223,7
785,2.8975372887833037,-2.6629971874039224,9
786,-7.471150868742907,5.002785413577495,5
787,-1.2654780626779922,-6.367068353117375,2
788,5.983876179771915,0.145823919844144,0
789,-6.410938854286288,4.347992126556848,5
790,-2.7969913159990454,-6.884851543601853,2
791,9.783687819847813,-1.4399775942744748,4
792,-6.5057861558959615,6.363658399615068,5
793,-5.912873756010035,-2.803413215999893,6
794,-7.4523264103578395,6.034885332660916,3
795,6.372349444862559,-0.28725012064625866,0
796,7.2727642769466065,-5.546279641701846,7
797,-5.277900249213598,4.904571956079007,5
798,-9.450360278339483,3.5079929383041355,3
799,11.585535233415026,-0.3148562546454559,4
800,7.661419906283724,-5.398441210496329,7
801,6.977202754780394,-5.773144152126719,7
802,8.36532642735745,8.669797454470691,8
803,3.6233670767263053,-3.3481052646967617,1
804,4.190839490485046,-0.8446920298008563,0
805,4.8629858343502805,-6.17585009047642,7
806,-9.592938245505385,4.0573323402859245,3
807,-2.5669908694508448,-6.988773344640156,2
808,-5.252850548492297,-2.7651001926283634,6
809,-5.126632524052946,-1.850811818233348,6
810,-0.07243353862548418,-6.177149036435347,2
811,-3.8734918135964023,-2.6792084797059337,6
812,6.96025412076866,8.643773987553699,8
813,-4.400046013939052,-1.8680080401365173,6
814,5.4876733685064325,-5.560133977348874,7
815,-9.185704195419202,6.17164028591806,3
816,7.61424204625112,-4.897663680585334,7
817,4.494861983983659,1.0452123753130313,0
818,-4.308031095762296,-2.704368997984134,6
819,-10.482432268818975,5.297430542831248,3
820,2.2874499333001386,-2.0117433037381756,9
821,3.614074582087316,-1.725498319780569,9
822,6.528884563807985,10.300303453886395,8
823,-7.803543148400706,6.35660837452719,3
824,6.16141905500939,9.930512947795862,8
825,10.033144278234753,-0.6931804477408107,4
826,-5.106491495234947,5.206624075150337,5
827,-1.1730859763096673,-8.582598520046018,2
828,4.140591575363818,-3.8061595397048613,7
829,-4.027300416503566,5.08253082386621,5
830,-10.052633849572334,5.027616356993599,3
831,-3.602351569066488,-4.009869922129844,6
832,-5.22098388266809,6.708951252176252,5
833,5.554175920794731,0.19190137931390544,0
834,8.236805406433241,8.42894787600674,8
835,8.66113207813404,0.0772378686934258,4
836,-4.875450753818996,5.800487295754725,5
837,3.0851984117586615,-1.2921595397188896,0
838,5.715708138491483,-4.504023366536904,7
839,4.524042658168717,0.4953414839666811,0
840,-5.56651087260392,-1.2872489845641897,6
841,-8.188157422022032,5.093722523052008,3
842,8.91293044318632,-0.04312108856907737,4
843,4.410968370723993,-3.431615210325395,7
844,5.504414513162889,-4.81568658566621,7
845,-9.055599202733584,4.69952750691385,3
846,-0.541459080657723,-7.482184600483304,2
847,6.783064636231451,-5.120842589561171,7
848,-3.2802426834749454,-1.6246201877718913,6
849,10.313590441886939,0.6516858550390574,4
850,9.852257066990756,0.6925089958969649,4
851,1.3526757502464697,-0.11089283267562444,9
852,-2.759491240349277,-1.6782761510187876,6
853,-5.447182640280989,4.063870517118028,5
854,3.043841885663617,-4.141508045387946,1
855,-3.4445404587813733,-7.429678338107383,2
856,-4.71322188357623,-2.4653263003854335,6
857,6.484072914976134,-4.898135655916595,7
858,-1.5344921860452505,-6.357930487961411,2
859,12.058707839324946,0.6830129687502229,4
860,-4.562315581153838,-2.2193561049849393,6
861,-4.743184428898793,-1.9648754017733632,6
862,9.389153004370348,0.850120698648948,4
863,-0.7117736530542833,-5.81441230032786,2
864,-1.5454031037562146,-7.002161676200125,2
865,2.974360143745514,-2.6237094588102137,9
866,-5.513761187043438,-2.1966279146877294,6
867,-10.207574050925695,6.354259144687715,3
868,3.6066570267805367,-3.158690927039956,9
869,3.3532756115513487,-5.026481534800967,7
870,7.019554678476885,-5.5027796344468785,7
871,6.118374492662293,-4.164135529716987,7
872,5.521142074532287,0.8516789710391655,0
873,3.5035324011230253,-4.865785956540449,1
874,-6.240149812993184,5.965989505189429,5
875,4.373630190264668,-0.33837821289253,0
876,4.708485435628724,-2.0404277281562404,9
877,5.271199054292533,0.1803235393367224,0
878,5.1925099622264375,-5.4246694633791375,7
879,-0.11163701638600276,-7.7189192391842125,2
880,-5.537616594011068,-2.3692070173357536,6
881,-10.444193630729453,3.823012947042714,3
882,-11.316626735550024,4.758323560290982,3
883,7.009306349790398,8.548715915501218,8
884,-5.323292430631736,-2.46913824878912,6
885,1.1758209882283142,-3.1127289388969914,1
886,5.804005237279108,0.6542059887541408,0
887,4.281304164711405,-3.144475358495924,1
888,2.357491352108036,-2.8224070326753563,9
889,5.41080024485852,-5.598415664850815,7
890,1.8892931035607965,-1.020938458832797,9
891,5.0608218984818905,-1.1083510018206608,0
892,-4.85918069681655,-0.9766002853600697,6
893,9.324784179254902,0.9960090575120761,4
894,-2.46144763375393,-6.967946582938444,2
895,8.937634924524135,0.6665886972014748,4
896,-10.13226569094026,4.642291244330138,3
897,6.289040079967169,-1.4809938211470097,0
898,4.494491109667169,9.04861916893917,8
899,5.781215731884306,-7.104287825554096,7
900,-2.8263265620143483,-2.343953574619099,6
901,4.224765011565216,-0.6881336905498703,9
902,-4.240623946641621,4.024629828271988,5
903,-9.98912249649739,4.300327867762951,3
904,8.230605511517673,-0.11068771617086098,4
905,8.644647840158658,8.587199189118731,8
906,-4.758417674719121,-3.0896614985565045,6
907,2.6559100561797813,-2.206289111612636,9
908,7.833447327643805,9.464401216560633,8
909,2.2330864989921655,-1.93809878391989,9
910,5.199376360744077,0.7345383446815189,0
911,2.244156138183726,-3.435375850294482,1
912,7.095763075833308,7.846464804954636,8
913,9.699323432998037,0.42939577586450517,4
914,-10.742453880435647,4.745851621538337,3
915,-9.083130324438011,6.254154917900438,3
916,-0.45980297549528526,-8.263909606128621,2
917,-5.5020912589335795,5.868233382260567,5
918,7.32252022870352,8.946858222868604,8
919,-8.687940975079648,5.428965624620992,3
920,-8.64193225318919,5.7100334567439495,3
921,11.048661464901022,1.7821303101028971,4
922,3.1852986640576084,-3.2250931241072527,1
923,7.3302454293279835,-1.2326563372619863,0
924,4.075229713765266,-1.3510657279817055,9
925,2.6190349286236874,-0.987137967779325,9
926,1.461043329250517,-3.6194196417279114,1
927,10.331862159590388,0.21940873837954156,4
928,6.849571139579351,8.974181035609694,8
929,-2.1451062958584615,-8.29081104989231,2
930,-11.81924434275548,4.608732369156363,3
931,6.398468787803083,-3.6171626498805747,7
932,8.126242807247348,-0.6587013280401062,4
933,8.631605671583117,8.258932723216493,8
934,3.558134950300092,-1.0164384913050166,1
935,-3.9390196321259014,5.799578246166694,5
936,-10.095756985859603,4.352087670642713,3
937,0.788958178712482,-3.4863076776833677,1
938,-4.196836388828121,-2.7805583278609904,6
939,-9.651841498514697,3.6332941460706656,3
940,-3.839553764296483,6.716783621746332,5
941,-9.759293638385897,3.9537180768793974,3
942,3.7073567266289142,-1.1290268301805517,9
943,-3.9612445755176977,-2.1869262352498486,6
944,2.3409285490801564,-1.892720787009925,9
945,10.589315315435737,7.3330595766712126,8
946,11.71595527495342,-0.6811467429606195,4
947,7.805297945314919,9.008834588838505,8
948,-8.987330376792166,6.77333623421699,3
949,5.9714459558372495,-4.560527301869391,7
950,4.787714075555211,1.448602900564084,0
951,-0.05396983536808486,-7.415591873918372,2
952,-1.4457841305600083,-6.6489067663684835,2
953,5.773066500691378,-4.817478185537648,7
954,5.554006535461297,0.1461818236103592,0
955,2.7145550654341726,-4.738143089329808,1
956,1.718299462022007,-1.3466238019803345,9
957,4.414904714929325,-3.956241641304448,7
958,11.149686880269707,-0.7386923946357009,4
959,-1.137935069577042,-8.372986696386683,2
960,7.2602376381735985,-6.283887274706363,7
961,3.309215485892764,-1.1232972863072213,9
962,-3.444016124904248,-8.864447623165685,2
963,-9.227166796515888,5.8504319791952515,3
964,9.994289495202825,0.49016963922650225,4
965,5.465049172588893,-0.21406076695897674,0
966,0.21769628441876154,-3.908873134153372,1
967,5.18376298328793,2.194576529759855,0
968,6.720569709448857,-5.6373519980368645,7
969,-4.4030578315308935,4.549949702296471,5
970,3.300449808299071,-0.8465029729041613,9
971,9.151455994363033,7.836105067008312,8
972,-9.947937854428014,4.223744154026884,3
973,-4.425336565456268,-0.6703976807056948,6
974,5.036132330023531,-0.08281330238529172,0
975,4.707567772160145,-0.7839961965174924,0
976,5.054303574784196,-0.901741554300831,0
977,-3.0321707681171626,-7.061690863867748,2
978,-5.491594108880257,-2.749924321827704,6
979,4.17285279074602,-0.1639035307732084,9
980,-4.650823705608209,-2.9901602513615595,6
981,2.895284874336603,-1.9042502105026717,9
982,-9.580466776712719,3.3838775560090433,3
983,10.974952192314328,-1.455491476734158,4
984,2.0996638354951553,-2.769567808392596,1
985,-10.142831790502546,5.900868417078732,3
986,2.2187831556871553,-0.7837710725541996,9
987,6.074504683393233,-0.29241971826439805,0
988,10.428182736262613,-0.7667812634615007,4
989,5.520937871363948,1.5018721677586704,0
990,-7.034658044658393,6.967689272621629,5
991,11.470624557810522,-0.18097996339346148,4
992,10.588137539143252,1.3453394370020597,4
993,1.6968055500286239,-3.3392924206664363,1
994,-11.22163079432843,5.096660049075617,3
995,8.039602516586523,10.008307641830491,8
996,7.453735340805033,-5.130869296743078,7
997,-2.614831979867308,-6.072334134508563,2
998,1.699727459223387,-4.062879026165802,1
999,-6.385067739379661,5.128704817529888,5
1000,3.224141333288103,-1.1136607692615423,9
1001,-4.634838584901747,-2.7748825086109594,6
1002,-9.302640623402441,3.386066287996095,3
1003,3.7435409507128927,-1.1900191591232117,0
1004,8.589440303887715,7.709239840429774,8
1005,-4.120796145748899,-2.5268058707414616,6
1006,-8.884247029710677,6.432864987732165,3
1007,4.177078084043442,-1.4008518747175243,9
1008,6.079236670446961,-7.1584029447002155,7
1009,2.4197616729305924,-4.4640710267856365,1
1010,7.6584305488365825,-1.8956135768876576,4
1011,4.662516498168033,-4.947591847863228,7
1012,-4.24891243574958,-1.3351846980298434,6
1013,-2.608707317531545,-3.8636701730681557,6
1014,3.2714012986151344,-0.5426046479667067,9
1015,-5.504286702988336,-4.005890090092241,6
1016,2.514677010058059,-0.5297579924779604,9
1017,-5.9413456550421415,4.806736830076525,5
1018,-4.24091415866772,-3.4672171610407205,6
1019,6.856919461293458,9.172184128028764,8
1020,-6.817393119663348,5.0173839549446715,5
1021,6.086097869741422,0.07493499774112425,0
1022,9.41468553977712,0.9592798434513969,4
1023,7.999000322237437,8.332608770460324,8
1024,6.698387971761006,-5.151877390133868,7
1025,4.093247311079794,-2.0361040486944724,9
1026,-10.568808831082714,3.782503552614169,3
1027,4.119708725333248,-1.2965860616149278,9
1028,11.137539787465899,-0.18745576432940964,4
1029,-4.983944371507336,-2.403715495562744,6
1030,3.154687542020071,-1.80937977399917,9
1031,1.779315629788676,-4.002860106408348,1
1032,4.697551553536193,-0.4848957705258751,0
1033,-10.087703605682767,6.299228570202939,3
1034,5.451929023434904,-6.454898712600782,7
1035,-10.78829874591537,5.666269415041822,3
1036,-6.054006937360955,-2.3340803941486263,6
1037,10.991563415132054,0.026278571262241923,4
1038,-9.995139978771078,5.542066752259582,3
1039,4.111975920389004,-3.7249653827833185,7
1040,-4.890998376343117,6.062646408633136,5
1041,5.877811324457009,0.8203127470285482,0
1042,-4.388760265440874,-2.1674492069702476,6
1043,1.4148139751229571,-2.3623170351653204,1
1044,1.6715213358316536,-4.685787954607369,1
1045,2.5679544706970834,-3.140516297277,9
1046,1.2050858919006038,-2.4600691098224376,1
1047,-5.591496973933716,5.735202183959399,5
1048,0.8905819710807548,-1.949582236081797,1
1049,5.349143050262206,0.05576940701732744,0
1050,2.4212950362733747,-4.715041311866475,1
1051,4.606575237068791,-6.5497843012473895,7
1052,4.690767899435091,0.9394825425274898,0
1053,-2.9355830108137884,-6.117900112430966,2
1054,2.906504059155143,0.8787220072370672,0
1055,-2.048580267029718,-6.7989851220605075,2
1056,4.4946537788209,-4.428166948423973,7
1057,-7.251649095960988,5.092946515029624,5
1058,1.1288137575728103,-1.3020636692698706,1
1059,-10.341715036340096,5.485724021983592,3
1060,-6.27982863009162,5.312270092317084,5
1061,1.18128996468558,-1.5164230625108561,9
1062,-10.427991101748637,4.377936538332877,3
1063,2.167500118442058,-2.2622141727671377,1
1064,5.087790372547232,0.85027891119938,0
1065,-4.093002390514511,6.625816430870739,5
1066,2.382478047691578,-3.1452526559587404,1
1067,3.705469040074765,-2.9440479220646902,1
1068,5.650862985779193,-5.073927744783047,7
1069,6.186947890135314,-4.770237064364447,7
1070,-10.170353452837976,6.2061375789314255,3
1071,3.7990339128447284,-2.2453001665766337,9
1072,-12.217829991515913,5.08989693550011,3
1073,-2.951716043466688,-2.681628018858762,6
1074,-9.070613391154717,5.9583953537166225,3
1075,-1.6242657539344214,-8.670598232221915,2
1076,8.43323858515606,7.395937551759134,8
1077,9.181416498887215,-0.0210984400147137,4
1078,5.91292552380022,-5.164737200657574,7
1079,9.09945321975874,8.926422173596345,8
1080,9.337484794300952,-0.2534861354202044,4
1081,-6.280845169048078,-1.8109129890833175,6
1082,-2.3901816791041797,-1.8977214518345362,6
1083,-4.013214285486251,-2.602992372545694,6
1084,-7.02980975639107,-0.43825724363008556,6
1085,5.7863810880075315,-4.859496448886125,7
1086,7.330054724877155,-4.9330228620112155,7
1087,-5.4347263324158845,-2.548800780436019,6
1088,4.560776836721538,-0.34900392077946985,9
1089,-4.41917357830192,-3.120411330689001,6
1090,4.615449040314839,-2.5736150060185166,9
1091,5.48061442415071,1.4190395377687504,0
1092,10.014652493803164,-2.136757140744435,4
1093,8.677447817987396,8.526562588864367,8
1094,2.531937355218294,-1.7137173520445415,9
1095,11.470514919313459,-0.19600862761799398,4
1096,10.049927182664522,0.16491638271760117,4
1097,-1.4987484532904516,-8.379214073679657,2
1098,-10.40388152810869,6.2284705512419665,3
1099,3.904207984854965,2.0987051883140544,0
1100,7.378216231411779,-5.486902486573538,7
1101,-4.090091938837996,-1.6205709698443436,6
1102,-10.314921363347867,6.200604495950521,3
1103,-10.318709478144589,5.5212120274241805,3
1104,6.6709428162893305,8.849868068539834,8
1105,-11.402720401311202,5.438179874129868,3
1106,2.086226660326105,-3.340899763654882,1
1107,5.899917153028605,8.805030673422838,8
1108,6.8638640825835715,11.010583508868372,8
1109,-5.529092851787969,-5.138824406603051,6
1110,-5.180184676093981,-3.731302460510716,6
1111,-1.7632518499319971,-8.000536984165334,2
1112,1.8973322920049147,-4.044411065327781,1
1113,1.9049188053703645,-4.896784741138484,1
1114,-11.457027914689817,5.815759685856044,3
1115,-9.45074974929336,4.4529522970117945,3
1116,4.407778087530585,-2.1300775645940773,9
1117,10.11916625834634,-0.8528343353015666,4
1118,3.8508262897147416,0.4418835866288173,0
1119,5.75928622341189,8.440353277580476,8
1120,5.673201219684488,-0.23491131488604844,0
1121,-10.559634124934048,4.002286929077564,3
1122,-5.005055943683009,5.276698155649807,5
1123,-1.9489949725603006,-8.437387891623231,2
1124,0.9536386308644784,-3.5698852004179358,1
1125,-9.415228762764686,5.354010451588554,3
1126,-8.417961999585417,4.897835077744023,3
1127,11.518297145975724,-0.3755957249565598,4
1128,-4.860023112269284,5.357878033981066,5
1129,-2.408534677036599,5.632035698425159,5
1130,-6.486433277573681,4.282137314846905,5
1131,2.698468849436606,-4.4657126296093015,1
1132,-9.433249560005041,3.9825254701092163,3
1133,3.6875008954718806,-1.3196460682105031,9
1134,7.49265868375342,9.332098344409422,8
1135,-9.780760825724773,6.464098546785959,3
1136,-3.047036953280575,-2.9017807851675763,6
1137,2.581105156409967,-2.4159410697989268,1
1138,3.7679890308403885,-1.6513405608393446,9
1139,10.122479258892893,8.351935198055667,8
1140,-5.7575544124019356,-2.356827135938495,6
1141,9.768377314737378,-1.5949123935239624,4
1142,-6.870348975019874,5.495735668334166,5
1143,3.3902368039226913,0.07768513087809936,0
1144,6.183435111800652,-6.472905644212127,7
1145,8.151794046746915,9.979785439076029,8
1146,-4.067364051610024,3.8449331427232454,5
1147,3.2022752098904013,-4.187880134562334,1
1148,2.487427869972721,-0.6194031461835209,9
1149,-8.592429806909065,4.766092949891906,3
1150,-5.67885930793269,6.4763830905210025,5
1151,-0.4233858326808553,-5.85760853196077,2
1152,-10.585570818517274,3.761090979445951,3
1153,2.2436433700326837,-1.3582374404950774,9
1154,-3.81811399123316,5.783883356460687,5
1155,10.285810932651078,-0.4152469223689752,4
1156,-5.303145889348326,4.619838315754599,5
1157,-10.620038598661873,7.465062758399183,3
1158,4.479824033685987,-0.33166445854402793,0
1159,8.488750533021534,9.25859299282722,8
1160,-9.960831826927592,5.492707575964731,3
1161,4.933601326957736,0.14322914833616723,0
1162,-9.90061416153053,2.6695990802074108,3
1163,3.219488791599059,-1.2139759588721983,9
1164,3.090129720873012,-0.7481502916853202,9
1165,4.425644629580402,-4.838441737848867,7
1166,3.1023492626339,-1.47684684733996,9
1167,-10.767306694573223,4.621024300468401,3
1168,-9.137356140799106,6.487281026850258,3
1169,6.313728919994646,-4.1298797078369,7
1170,3.999720369903283,-2.026310938622277,9
1171,-5.586718727926158,5.287827767186525,5
1172,5.15860969514059,-0.40057194938187135,0
1173,5.552070770927959,-5.552933808934762,7
1174,7.601069859564988,10.272994759923206,8
1175,4.14796090333899,0.26302263986831226,0
1176,9.01215309404557,0.967310641706163,4
1177,-1.1653906225108626,-8.21408887322369,2
1178,-0.690160773810883,-7.0137507327523405,2
1179,5.716380876080744,-1.488343860577271,0
1180,-1.6026399425698186,-7.762060299091076,2
1181,6.2434763095224906,-5.033797524439774,7
1182,1.6413256362460273,-1.4480639598341294,9
1183,-1.7057093388490054,-7.243931877441848,2
1184,-5.629034217966813,7.497630954424106,5
1185,-4.195382582263258,-2.8351981902092387,6
1186,-9.865472875394973,5.412242407596835,3
1187,2.882001955846228,-3.214123393596793,9
1188,6.478440472910375,-4.2178470802014045,7
1189,-2.2077851212961592,-2.354126206988686,6
1190,4.898434630660533,0.6452790090392245,0
1191,-1.279781142119802,-7.148512157185991,2
1192,6.12876154849901,8.727408873275216,8
1193,5.242954166431572,-0.7238348297886088,9
1194,6.83088525011293,-3.6285854430904796,7
1195,8.658409856398938,9.597488362563828,8
1196,5.70442692291642,8.23240608266574,8
1197,-5.309110563384441,5.184479990868896,5
1198,7.073298658376892,8.521758800477402,8
1199,10.11184546542329,0.19087614890121135,4
1200,-3.4697024183976803,6.993796503220839,5
1201,-0.8138042755404685,-6.503849861789806,2
1202,-2.0748361137259788,-8.37312425357487,2
1203,-0.4685775617322814,-8.703838378599874,2
1204,8.629556184024787,7.472417943339939,8
1205,-5.881118734522228,4.8721538328509615,5
1206,-3.4420318214447576,-0.5687812703153627,6
1207,5.60328585906702,0.5307774574230034,0
1208,1.7806717711854518,-4.783566636800539,1
1209,7.204341774398746,-5.64167944188744,7
1210,2.428118491845864,-1.7767797224368813,9
1211,6.227175425599008,-4.2890854245423755,7
1212,6.518301994040957,-5.630137097545486,7
1213,-5.199834737197026,4.7125779260731635,5
1214,2.4973045884041167,-2.779872167879904,1
1215,2.4074167576815686,-0.6449545007390274,9
1216,-3.879957316024341,-2.953837269275769,6
1217,-5.2333594339642735,-2.5697787344658476,6
1218,10.218004191528706,0.1464123967458223,4
1219,2.726504011248342,0.15107389150483147,0
1220,4.355712035152836,8.017704456924681,8
1221,-0.2199305311959444,-7.885800558661445,2
1222,2.4214844998760556,-0.6615904904731453,9
1223,-8.659680593743534,5.137662632039427,3
1224,1.8435625983789874,-0.6494533279229937,9
1225,-4.354816513048375,4.5251687156990545,5
1226,2.510943659999504,-4.042005182163362,1
1227,2.435687587470046,-0.2845010929447027,9
1228,-8.710308338787765,4.987576451120375,3
1229,2.4668664064976915,0.574072102288375,9
1230,-1.8044234326388038,-5.906659902747702,2
1231,6.955350615780656,9.131663981738557,8
1232,-5.460785666435441,-3.740540781603732,6
1233,1.2074384168370056,-2.778020578650228,1
1234,-1.16562364914784,-6.73432373530226,2
1235,-4.089455216864959,-1.4785056687543816,6
1236,9.81767329800311,0.062439054390928006,4
1237,-0.6939403338548257,-7.043092891577563,2
1238,4.890022141781263,-0.7037860904305848,0
1239,-9.944807273766434,4.447879129039854,3
1240,8.73743786207351,-1.418455513962896,4
1241,-4.587443731434784,5.006511226971767,5
1242,-6.5264742987265185,4.187899527914127,5
1243,0.6639137365820797,-4.056683059126707,1
1244,8.469112747044978,-0.9077277687789264,4
1245,5.520689374596838,10.141607920809301,8
1246,6.576213029736613,9.037044978080608,8
1247,-5.508804559774237,3.8176118840880253,5
1248,-1.6587154886930597,-7.285859721078899,2
1249,4.294966269115445,-0.3829779981512495,0
1250,-11.610959150630269,7.448492395043502,3
1251,1.6705020537489716,-1.574774913610939,9
1252,6.499820394027297,-3.0385012419186532,7
1253,5.642167543652305,-0.2551847766658417,0
1254,-10.318586755710985,5.547754810949092,3
1255,1.943142000891131,-4.073465184004753,1
1256,5.862057037157775,-4.954767979905563,7
1257,7.3226952544241755,8.314833594450501,8
1258,8.354837774890619,8.730258691511024,8
1259,5.450703562774392,-4.788787394448525,7
1260,3.947880046971391,1.7477890711991928,9
1261,3.1907813346601586,-1.4247648015061032,9
1262,-5.673898648443892,-1.4738303353649815,6
1263,6.6320929812589355,10.524593723127536,8
1264,4.437365434248555,-0.6976530931147901,9
1265,10.524149707520204,-0.6084009295117592,4
1266,7.772665582577236,9.267762843549434,8
1267,-9.435929447039499,3.7232912033826917,3
1268,4.303116400103219,0.28790217983840516,9
1269,4.576033859331692,-2.0303027179202617,9
1270,10.764458124568563,-0.9429848361470208,4
1271,-7.001134431347496,-1.6734195977194886,6
1272,1.1492806089673415,-4.450121341791905,1
1273,-0.7258061825280391,-8.283497274041514,2
1274,4.887824120702135,-2.142824418206292,0
1275,-9.402472239376719,5.729749517104348,3
1276,3.332922731547483,-6.374354585246351,1
1277,-3.8568185468259943,-6.110942676452709,2
1278,1.8783117679804577,-3.785322775755309,1
1279,-5.594176801923258,5.249646105340937,5
1280,7.876518835091783,9.161224265242721,8
1281,-10.239091053623294,6.88386425189586,3
1282,7.606150521609257,6.720477434487265,8
1283,-0.353429401220246,-7.719005126800817,2
1284,1.4985638437953863,-5.968032026591963,1
1285,-3.764289054680768,-3.3659314088300896,6
1286,5.481236196509695,0.06215396720011582,0
1287,-2.0452838040432155,-7.4240447296570595,2
1288,6.754139897520632,-6.840386432847914,7
1289,-5.631841462269365,0.536803044053352,6
1290,6.978090120203107,-6.244918602298049,7
1291,10.211118408734539,0.3886431170099647,4
1292,6.08823486832882,10.2431284780238,8
1293,-4.624659075597477,6.437158310498729,5
1294,3.5192710740322797,-2.8731243535804314,1
1295,5.199772792384875,-5.006693940179892,7
1296,-5.329082687122294,-2.2153632471026246,6
1297,7.682272775529323,6.887717080256972,8
1298,5.686586408697639,0.11110289377993879,0
1299,-11.155128257736244,6.191727048724292,3
1300,6.649374942451803,7.724685645739146,8
1301,4.574522000271319,0.06422805674566079,9
1302,-4.25175279369177,-1.644134946840495,6
1303,-5.744345161374971,4.284604539145025,5
1304,4.476868039044627,1.972068171233945,0
1305,-2.3569147444059264,-2.007614397460256,6
1306,6.868980960329398,9.726373608328215,8
1307,-5.839556340701087,5.192514393752992,5
1308,-4.828149702371093,-4.0630503761254815,6
1309,3.2724731274220185,0.33809677880967004,9
1310,-5.376861619754894,4.012733988289785,5
1311,-5.188518442603198,5.97573146101896,5
1312,2.5389598450914117,-2.473143505939158,1
1313,4.177546435726699,-2.020025181651188,9
1314,9.926709797945188,9.36418630825675,8
1315,-2.5703093964411385,-6.778264449144003,2
1316,-1.938922929588822,-6.25516439313337,2
1317,-10.064203984734712,6.581560458086054,3
1318,-8.86520839020813,3.726261854290845,3
1319,-7.517427087614965,4.912329707629416,5
1320,2.570124906977506,0.3026022699867392,9
1321,-5.379393946133266,6.0033341788852,5
1322,7.647510758288264,9.857381217953627,8
1323,-11.153770581517641,5.5743014348928455,3
1324,-4.23416387943975,-3.2685056745279937,6
1325,3.0324079693904613,-3.7491227023247147,1
1326,10.488264859249648,-0.1562175953321825,4
1327,-10.95378810935907,2.3391707111261524,3
1328,6.439216002979904,8.280920770566246,8
1329,-10.369192625564052,5.4421903668827,3
1330,-8.16964097725776,4.856222113568896,3
1331,2.041859541295521,-2.247420734674739,1
1332,3.5908266786742047,-1.8988025892647993,9
1333,-6.402419321381656,5.081308705774309,5
1334,6.375203540847942,-3.402277852605746,7
1335,-6.035577590558054,-1.7898635859803513,6
1336,6.213024288257491,-7.5499484144219995,7
1337,5.7170085663160135,-4.289563064834282,7
1338,-5.072990866830249,-2.0284620213680986,6
1339,-5.334048447187199,3.96510734656757,5
1340,-5.1269457295312595,-2.948864963084208,6
1341,5.692629457876565,-5.244099426580956,7
1342,-4.397542430028095,4.9935191406439445,5
1343,3.8434468588448736,-3.8592845059123064,1
1344,5.538071064208473,-4.420275288998058,7
1345,9.376496367288775,-0.47740159096497575,4
1346,7.22772052781274,8.768282696993934,8
1347,6.137091392886519,7.381194536659738,8
1348,8.892071520389708,-0.9428715999749995,4
1349,-0.1844104027790917,-8.23274121652689,2
1350,-3.9044453886755672,-2.327563670881918,6
1351,-9.596451409324299,3.1808191746877275,3
1352,-5.211985971204451,5.117557472826603,5
1353,6.3262693947453705,7.556199793271231,8
1354,-4.990494716938651,3.772865962711895,5
1355,2.3743824049980438,-4.950085024087906,1
1356,4.205052429485798,-2.1597977064966356,9
1357,6.013182922522294,0.6716992698643502,0
1358,7.081560538141347,-5.847263094762399,7
1359,-1.3286387984139307,-7.655598654641503,2
1360,-4.399651776890291,-3.7012085859007264,6
1361,3.9966858846361477,-5.089339120919377,7
1362,-0.984327088352994,-6.599240426272174,2
1363,4.733069792433634,-3.71582660205824,7
1364,4.523136552998388,-0.27826353771019574,0
1365,-9.941911247516618,5.781130329021002,3
1366,-9.324516026342241,5.471131149201861,3
1367,-6.9203039085712295,5.83144935286641,5
1368,3.263837770972356,-3.083505343389267,9
1369,3.9332583184962555,-3.3720322210316223,9
1370,-5.107338975272101,-2.4850859850042486,6
1371,-1.635016094790906,-6.391622487218869,2
1372,5.4650445815873905,-3.952160508663452,7
1373,-6.972788748390917,4.476482429970579,5
1374,7.8419087841082336,8.12073319785729,8
1375,-7.025348722605553,5.368740963484632,5
1376,-3.15697224407896,-7.851243046696796,2
1377,-4.289259104536538,-4.159608166592243,6
1378,1.8180120690477337,-6.212904481547177,1
1379,-6.452764044971721,5.4655821812193155,5
1380,4.649980539170894,1.5985085465263495,0
1381,-5.102191427520127,7.522618397198023,5
1382,2.7993517271712482,-2.226842715031866,1
1383,-5.110457884084943,-2.2639608440042367,6
1384,-0.36906619243648975,-8.4047572207107,2
1385,7.866561011385757,7.4223461207208565,8
1386,-6.174974378932893,-1.357811966000358,6
1387,-10.36626805384304,5.214993143469412,3
1388,7.94963955793358,8.845722760880928,8
1389,8.84921117156822,0.36708690355388984,4
1390,10.379683327105566,0.405981245755087,4
1391,10.972110890948166,0.40988509941134565,4
1392,3.922123482251994,0.7386896857958863,0
1393,-5.142176582566569,-2.255295059726941,6
1394,3.328381486375427,-1.6974468674568375,9
1395,7.55435762252464,8.319655173950789,8
1396,3.2763858202046237,0.2733113950690351,9
1397,-0.21150267988789195,-6.5295878087986745,2
1398,-4.930540960077314,-2.1833997969247716,6
1399,-5.4143248879724535,-3.1772698549635554,6
1400,-2.36134559346304,6.1171308896449235,5
1401,6.6883756376436585,-3.3184837078359886,7
1402,5.222812584682826,-4.727918081021739,7
1403,6.571521962674408,-0.30730821721360035,0
1404,8.660536866785657,0.2451768629051625,4
1405,-9.778425140043934,4.700179064193154,3
1406,-3.6648601969375814,-4.60287031066709,6
1407,4.016733282055306,-1.3945108968393423,0
1408,2.577858491770049,-0.3473569475020457,9
1409,5.036401496752289,-1.5477582944641042,0
1410,3.1941224790700797,-4.110388804718828,1
1411,0.234378854419804,-6.125580464401535,2
1412,1.636681207561789,-3.761733105587115,1
1413,-4.360167145142795,5.029573688365494,5
1414,-0.8281847574275076,-5.942835743417238,2
1415,-1.0032394755139045,-5.926221754154464,2
1416,-0.6399409830218716,-8.722078495781561,2
1417,10.275172894339383,0.23119923713702017,4
1418,-1.4488940213529649,-6.682876288418319,2
1419,6.40069902263796,10.5584564379495,8
1420,0.13592054818898158,-8.201275630274385,2
1421,-4.249605620679069,-2.779805999792505,6
1422,9.505165701766318,-1.2355446147649571,4
1423,0.4191225101933249,-2.7786939805044306,1
1424,10.124278462560646,-0.822471618993613,4
1425,-5.459652834972928,4.137385132113767,5
1426,6.862520262795206,-7.678462861314982,7
1427,4.459045697880754,-0.4692548885763827,0
1428,-5.182168167792406,-1.9116656391890285,6
1429,-2.1065068381745524,-0.770235752081101,6
1430,2.654596086670087,-4.863361358656557,1
1431,-7.575410994206331,5.078099437761153,5
1432,9.529178778479515,0.534640580292491,4
1433,6.770983179965016,-4.024885737179375,7
1434,6.921750401137529,-6.780676088440095,7
1435,2.368165981763475,-1.7221667122877435,9
1436,-9.103177384958407,5.173652599447193,3
1437,-10.009711308177957,4.592249225893377,3
1438,-6.8088070642118605,5.534651024796525,5
1439,-11.647569321144214,3.8729084421268083,3
1440,-0.8056657515214166,-8.6869513569279,2
1441,-10.942255140982006,6.186403462760051,3
1442,10.409366500629305,-1.2220520445560887,4
1443,4.648212927373005,0.4224621043802308,0
1444,4.328937997949495,0.5511098349159893,0
1445,-2.793180136501845,-2.9881325773602185,6
1446,4.284902239962319,-2.1709406162200575,0
1447,4.911375402235691,-0.4229709573725985,9
1448,-6.14851557438679,5.186465776074313,5
1449,3.9501814911219704,-4.182028756938409,7
1450,1.1556572224394195,-0.7542453697649577,9
1451,4.9720803230706325,-0.6222110579936377,0
1452,-4.418313371365124,-3.397820334847779,6
1453,2.0476274292971772,-5.083553503141481,1
1454,1.6398297950433238,-3.783925821599029,1
1455,-4.981060121442485,5.90816381353218,5
1456,5.707227594747317,-4.9346981274967,7
1457,4.674595240536403,0.2905498441461583,0
1458,5.780642748919222,9.142150911250383,8
1459,-1.6118115512411377,-7.486589902248589,2
1460,5.079757631619493,-1.3269859774879262,0
1461,1.8291853253264518,-2.96454690765313,9
1462,6.432115670256447,8.766517464828953,8
1463,2.1135102343564904,-2.9898017651477433,1
1464,-8.338451419940291,6.141463493637177,3
1465,-4.821988534212668,5.834017969496426,5
1466,2.6976577502631716,-3.2377233868444275,1
1467,9.326251657500542,0.4637047840493146,4
1468,-4.932844758828366,4.655488939789625,5
1469,3.2830614239686726,-0.6521123398343932,0
1470,5.414962844476526,-4.853479277110653,7
1471,4.736618066421505,-4.936112118248962,7
1472,6.296530317256677,8.78078275692703,8
1473,-1.668339267245694,-9.52672992074935,2
1474,6.912510828774034,10.044828366108801,8
1475,1.713332189366263,-2.042121915007585,1
1476,-11.161001519814967,4.582504481675421,3
1477,6.255691511837195,-1.1979649403488324,0
1478,2.347944592201173,-0.7894404071242712,9
1479,-7.801818652328282,4.5222630879010985,3
1480,-10.743877362494745,5.903475441540338,3
1481,-10.322400918909684,4.747533445678375,3
1482,-4.883541204656063,-3.354414867444004,6
1483,-8.82864445522289,6.496550399854327,3
1484,-10.0065689473211,5.7439477853028755,3
1485,6.648051446464565,7.055775562588077,8
1486,-4.032682447779405,-2.0399527467566094,6
1487,5.091726450198735,-6.307140760726021,7
1488,6.2225108215769485,7.530376597917612,8
1489,-7.558371853777942,3.8681174441665274,5
1490,-4.184064312729748,5.604996785796211,5
1491,-1.3509871651656282,-6.525805852599992,2
1492,7.055860773937279,8.335984016217036,8
1493,9.28186507552904,9.134750813085805,8
1494,9.499465081263518,0.405094324445457,4
1495,7.05961749287124,8.849609610364087,8
1496,2.1102384140517025,-1.4761475775872863,1
1497,4.368907782933842,-5.191753275407177,7
1498,1.5013765801420647,-7.990172791012004,2
1499,2.2628093410854433,-1.1484690661169608,9
1500,8.85760303448436,-0.2825631601843971,4
1501,-4.171996962169789,5.88657916848869,5
1502,-6.599059790947504,4.032561242371589,5
1503,-6.08429460711375,4.76317706505328,5
1504,12.22762040739511,-0.7540527816059805,4
1505,3.3542641117350516,-0.8160890080460889,9
1506,-3.8855876070627224,-4.462174489149605,6
1507,-4.521867605979801,-2.7257807344517015,6
1508,10.256053155865276,-1.0813009921889232,4
1509,-2.806192853210978,-3.3646838165435087,6
1510,3.7893684760395523,-4.759613416179205,1
1511,-6.658788963922168,3.9831957835440286,5
1512,1.3938765253097882,-2.6840732018845914,1
1513,-5.188917990981463,-3.3798450431602975,6
1514,4.866962472213979,-1.0727313229915016,9
1515,5.40705762360372,-1.3852170561813284,9
1516,-11.104520069788851,7.259664088110947,3
1517,3.639485891775691,-4.894212366087145,1
1518,4.056230630870349,-2.0849012932744913,9
1519,-6.45183299785414,4.3742370884175665,5
1520,5.982525035525559,-0.1309743453652227,0
1521,7.5939547055794625,7.019639015568032,8
1522,7.101898976842682,10.242626245089914,8
1523,3.0969880640735603,-4.296333609376469,1
1524,-11.894892189668653,5.128989730915158,3
1525,-1.444196170009004,-9.04963555934545,2
1526,-8.285242262366507,5.407681232539916,3
1527,5.648365048944484,-1.9340932630235037,0
1528,-4.031845652554921,-2.805014531201855,6
1529,-1.2161133551211083,-7.341801246175986,2
1530,-5.243806466998762,5.255809623639754,5
1531,-1.1868816520836134,-7.73304227719112,2
1532,4.529886855973513,-0.9102917360067511,0
1533,-3.4002983525451813,-6.729795328863735,2
1534,1.115831126313966,-3.446237646156769,1
1535,1.203814725779751,-3.748429673654857,1
1536,4.179483862424584,-0.6400927929978723,9
1537,-11.636582037056481,6.163314792586246,3
1538,8.741302314043569,1.5416514035478586,4
1539,9.356219788701177,-0.7584656184937397,4
1540,2.9998230793410343,-2.4439372409961804,9
1541,-5.348611812474915,5.7121867016162735,5
1542,11.069491489615444,-0.18649316893865733,4
1543,3.8931849139324157,-1.1206260072756016,9
1544,-5.567941774630712,4.999960929603781,5
1545,7.313915491327358,-3.79397628916378,7
1546,-10.514718457845094,6.127036560583908,3
1547,4.843053159851887,-5.47595146416672,7
1548,7.545493006009022,8.867942434994786,8
1549,6.515052076986096,9.416675767702625,8
1550,0.9599705398719431,-4.071205440138712,1
1551,-1.2352696735790887,-9.053320437673584,2
1552,3.5934255074608528,0.7756838190442202,0
1553,5.123058580930041,-5.099154684092587,7
1554,6.565686047670271,8.903635813704776,8
1555,7.940590171663203,8.57242497141279,8
1556,6.9603466308938575,-4.794779755578677,7
1557,10.486302581830419,-0.5982473565975253,4
1558,5.798072209552872,-6.311950187650778,7
1559,5.6725608038726,-4.503443251038569,7
1560,7.223017989103802,-3.918504416691848,7
1561,5.810259177802744,1.0538595557436616,0
1562,3.3157785462764795,-1.644997497454592,9
1563,-0.844571200818274,-7.6695983195875845,2
1564,-1.6566342680391315,-6.9054090339220355,2
1565,8.641201338449935,0.630558920878185,4
1566,-1.3654013864124805,-8.59439484591391,2
1567,1.9252184875430962,-3.270086403901879,1
1568,-5.414142647438641,4.106677019754629,5
1569,-10.02215653229294,3.844826209322723,3
1570,8.177178431851862,10.476801914714164,8
1571,3.1212898199820507,-0.087974040077615,9
1572,-5.87827259370286,4.470144222695584,5
1573,4.2815253968709674,0.7697417994747372,0
1574,10.261859088422359,-1.4486961868193258,4
1575,3.353972151639338,-2.9901341564367567,1
1576,-1.889656017502094,-6.086217410248986,2
1577,2.2483514975731813,-0.468748475746522,9
1578,2.082139034228159,-2.8412858763783904,1
1579,-6.205761606635085,5.353531095812685,5
1580,6.758194107564944,-2.3012409282068687,0
1581,-1.0267632697645368,-7.821437331140253,2
1582,4.869867393946404,-3.9571735480734933,7
1583,4.45384630029215,-1.266142817535459,0
1584,3.3150504003074257,-4.047936989868127,1
1585,5.404338381622417,8.731461654634165,8
1586,5.582390472565137,7.820165171265839,8
1587,-8.702581616203046,3.1130613529820024,3
1588,8.055395007916443,8.385952833761737,8
1589,10.54298114048339,-1.09022446717068,4
1590,11.260373753329464,-1.5672009488881693,4
1591,3.3289149440067507,-0.030358258662652293,9
1592,12.091864850411806,-1.4205111262157109,4
1593,2.487472775700056,-2.741761043650972,1
1594,1.9886423651200347,-4.143818470477928,1
1595,5.21429500957487,2.322256226716372,0
1596,-6.544254892847279,4.79028450943146,5
1597,-0.3645523122631924,-8.002520525877765,2
1598,11.218914211103268,-1.1281883761080898,4
1599,2.627246516448811,-3.109684889806466,1
1600,5.972328516327285,-4.351552955602317,7
1601,4.676589595906306,0.46447477594196585,0
1602,-3.227565100643662,-3.460843280516751,6
1603,6.576032678344736,8.093026029938809,8
1604,-9.131329359740132,4.399294230056787,3
1605,-5.961048853721495,5.0784345533058755,5
1606,-5.047597003504688,-3.7995596828172538,6
1607,4.995720153755305,1.0545719876641568,0
1608,8.855667785321108,8.944770225510739,8
1609,-1.1412393372092073,-10.05445902518017,2
1610,-3.710416119332294,-2.422176143767948,6
1611,-9.194830645253735,4.8647173388023175,3
1612,1.6432140447291588,-0.49601483728914975,9
1613,5.427366593920974,10.769897380686979,8
1614,10.3989761487938,-0.48260234561980425,4
1615,8.892751830655975,0.5896744938173184,4
1616,-10.86274855503358,6.551575759085462,3
1617,4.449056937987446,0.6778825021412348,0
1618,-4.162228659348213,-2.201203535608828,6
1619,-5.031317064989519,-1.4866531288407905,6
1620,-1.4074385754508247,-5.815387241742614,2
1621,9.83312081389835,0.9148464579320066,4
1622,-1.848714665472953,-7.670890378688358,2
1623,3.5299832284442725,-4.467600389814377,1
1624,-10.361775837389184,5.01426600924798,3
1625,-1.189370214542092,-8.40267833445533,2
1626,6.535157137236832,-3.439662867411394,7
1627,-9.635161688388843,3.33740326322705,3
1628,5.76324971783543,-4.5431223357050134,7
1629,7.606810991784113,9.385312042201965,8
1630,11.202186521987976,0.620341073968442,4
1631,4.946246562453721,-2.4247894117409423,0
1632,-3.715769948418781,-2.7475202313711176,6
1633,-12.00274557620379,5.7378172796306135,3
1634,-0.6622176120017145,-7.610797480567822,2
1635,3.7446524899630935,-2.8857912612039742,1
1636,2.9168936998739934,0.42103618755237504,0
1637,-8.807841051675656,5.654285733835632,3
1638,8.131050568703907,-1.022864754045854,4
1639,9.775195523161454,-2.4857722179657515,4
1640,-5.616078528793976,5.433792834473451,5
1641,1.7937678151547332,-4.629870851506304,1
1642,-0.9620898256136284,-6.000057905352341,2
1643,-4.323413139403999,-4.571006501722918,6
1644,-4.646143886442327,-2.6216433263814323,6
1645,-0.7285544982223986,-8.297661722894311,2
1646,10.849402490803877,-1.4522547276886602,4
1647,7.998390429414075,1.1942533683351102,4
1648,-6.05127582361537,5.040034869867332,5
1649,-9.394863270426956,4.9765857108508955,3
1650,10.24520830276953,-1.0702419998235766,4
1651,6.243052082362612,-6.035140607362706,7
1652,-8.369767584356715,6.22270589740861,3
1653,-10.67901129865202,4.018438298987815,3
1654,10.136459561897505,-1.7539841057743621,4
1655,8.371066259254915,9.131720553844309,8
1656,2.0449025001874515,-4.046609154637606,1
1657,6.025501441782151,0.17300490873187085,0
1658,1.7159996973508145,-3.059640759915989,1
1659,-4.928248346857815,5.567919057265782,5
1660,-4.106351988482582,-2.6899822120764663,6
1661,10.803501954159941,-1.9902899373174923,4
1662,-1.4958699571851135,-6.669687621048024,2
1663,-2.0700396899652853,-8.050805957563437,2
1664,-1.3932256038220792,-8.626025220876818,2
1665,1.6795057434938636,-2.8456135332027452,1
1666,2.817728558170772,-4.349550402362428,1
1667,1.2092528682476031,-3.5135906830094545,1
1668,-1.8427616151362098,-6.535072775524819,2
1669,9.50907403035118,-1.8652538437649109,4
1670,-11.211543634513195,6.166196562774054,3
1671,-1.7331071391798258,-8.709739368753871,2
1672,7.08990151961389,-5.107585162930768,7
1673,5.268008279756991,-1.0821246361819967,0
1674,-5.834668421431132,4.526413586407809,5
1675,9.898503213494347,1.4241494273206023,4
1676,2.6790329044886003,-3.57016406270242,1
1677,7.578242697830055,9.995536876528202,8
1678,6.876040196529097,7.833999057733997,8
1679,2.3698963288699764,-2.85170789179148,1
1680,-5.0848302844728295,3.232425731492698,5
1681,7.592444184928766,8.492537105430658,8
1682,-1.0191242285912308,-7.044997671718004,2
1683,-0.3680311543202992,-8.289435320157684,2
1684,-0.537490180584631,-7.464893742983525,2
1685,6.915577684121478,-5.311132562722701,7
1686,0.15774944737322572,-8.851896857843261,2
1687,-1.6908195021900108,-8.646100235035606,2
1688,6.717194346204758,10.822672335983706,8
1689,7.363665352436673,-4.358812467091185,7
1690,-10.329658823938221,7.2507816500624855,3
1691,6.590550057057783,-5.685514891018482,7
1692,2.4315230594770663,-1.085318332056761,9
1693,-2.32401960977358,-7.930657218377897,2
1694,-10.593779328912863,7.675028376114396,3
1695,7.650401837681068,10.741443521577981,8
1696,2.706622981779448,-1.1942816788794668,0
1697,8.637658745445824,1.1505326072497446,4
1698,9.695751176922327,-1.184222986078249,4
1699,2.3001867853672704,-2.906458679456673,1
1700,4.887942030655327,-6.0712337856662675,7
1701,-0.37642219661516074,-8.453357919223357,2
1702,7.479030232567485,-6.414791164834561,7
1703,2.2399757866074026,-4.508971342188191,1
1704,0.22474507205149874,-8.17240542634275,2
1705,5.071291234804662,0.3788248667195542,0
1706,5.772286650409972,1.4529766703424227,0
1707,7.684644771019219,9.087784409894924,8
1708,-9.225811672636683,3.6574585639854336,3
1709,10.728401316979088,1.0919851615614395,4
1710,5.5069760627970785,9.500367765014333,8
1711,3.7406851772481797,-2.0859038984331555,1
1712,6.570571444374471,9.726117848634381,8
1713,5.668339225196191,-1.1204512007721956,0
1714,9.60048926846833,0.10708121709368784,4
1715,-9.42181265080995,5.169092065724096,3
1716,9.239680472448526,6.769728221382092,8
1717,3.2857026575971497,-2.425461048322874,9
1718,0.2674792421570298,-6.79683067804537,2
1719,9.696090020254479,-0.07238821513908836,4
1720,8.742487699347828,9.035986128521955,8
1721,7.372012699323636,-4.920310978087967,7
1722,-5.228280236446179,-3.092723041606902,6
1723,-3.6096591157809694,-2.066171136331136,6
1724,-3.7564230136025083,6.531652066433389,5
1725,6.2056622984361205,8.84353616007898,8
1726,7.18220670347948,-5.756654612327208,7
1727,6.316003399929525,-4.007562375004977,7
1728,-6.372962505534851,5.52756449682211,5
1729,3.0963821158033102,-4.894298077946564,1
1730,5.1731708160916785,-7.176703162933309,7
1731,-7.188900491497765,4.8976562746779075,5
1732,8.299686055647317,-1.3695114935836827,4
1733,6.450451823380949,8.91438414484619,8
1734,7.36731399017227,8.2458214314683,8
1735,3.829399613094507,-1.933948303376712,9
1736,-4.257510201941769,-1.7292904205960085,6
1737,-8.126515190574267,6.093316800001419,3
1738,4.733345654444831,-3.559810473558153,1
1739,7.282175239079873,7.9094802671293385,8
1740,3.4793928556677525,0.9389131929795576,0
1741,6.901609580278109,-0.2398682673095116,0
1742,6.60970374060939,7.372842758321055,8
1743,6.063640445517148,-7.044316422144721,7
1744,2.4326082413294463,-4.976370302366644,1
1745,10.68915737150204,-0.5609028331225554,4
1746,7.753692673323022,8.882823585047634,8
1747,9.020554918563564,10.468538640168239,8
1748,-6.5532017971921945,5.20810857644465,5
1749,5.436714150817803,10.17212330424099,8
1750,-3.1612030653794276,-2.333027526792603,6
1751,-3.2441147918277595,-7.25777146769688,2
1752,5.376133362845602,-4.833031642060206,7
1753,6.613868567139463,8.558457698626539,8
1754,1.626386458578569,-3.459632675813567,1
1755,5.300519532952295,-5.259214364581563,7
1756,-4.967289771988886,5.295924563348725,5
1757,1.0100114732358145,-3.2143599581449878,1
1758,5.61674316848892,-3.6802381847795784,7
1759,-7.052488849275907,4.321613427072466,5
1760,5.236243946219977,-6.181392395490738,7
1761,1.265721714920846,-3.5141250803478563,1
1762,4.174175463996103,-1.8054058477107855,0
1763,6.840536326828383,-4.088220543956817,7
1764,1.3728909479979432,-2.706499645721056,1
1765,2.676996278609986,-3.192062751000651,1
1766,-3.6966843038217823,-1.751328637806667,6
1767,-4.3441057823944496,-4.152308186106503,6
1768,10.024831765883603,2.7094944308600413,4
1769,3.045945471927984,-0.7297024516794539,9
1770,-4.384488974742148,-2.3636486633778584,6
1771,2.6370078958932233,-3.4939217464179935,1
1772,-11.486871448330332,6.516699387860907,3
1773,5.875893936539922,-4.3798722753744315,7
1774,6.643149753000336,-5.6248909041972075,7
1775,-9.601424693460908,6.975296661341315,3
1776,-3.5318888081511264,-3.7887505172591878,6
1777,-5.179171879706254,7.154789835785548,5
1778,2.6446590722463745,-1.919135458698975,9
1779,4.388698619256062,1.416108501666685,0
1780,8.771242874038585,8.357667979466111,8
1781,-6.876523170512214,4.372935883316485,5
1782,-10.093310638029159,5.303797457676778,3
1783,6.043441074621299,8.957987713616507,8
1784,0.6887024388605785,-7.473018464257762,2
1785,3.9976618952532,-1.875583020945328,0
1786,2.680522525723766,-2.1149246911628325,9
1787,3.193015381746851,-0.06338492972433118,9
1788,-5.353396847372616,7.960555711641325,5
1789,6.334086072330236,-4.434508777622392,7
1790,4.585545742160457,-4.899522802926166,7
1791,3.850936013366376,-0.7415588679674637,9
1792,1.8575972490305344,-1.2158777948533093,9
1793,9.371000103289916,-0.40894658420199165,4
1794,7.3854847612605905,-5.1255051733573485,7
1795,2.0062036042052025,-3.6352581255304286,1
1796,2.889910530165409,-3.501105365072131,1
1797,-4.791102074646395,-2.1965259513982387,6
1798,5.83394799134441,-2.523871640955742,7
1799,4.2764908607496785,-3.117938977377664,7
1800,2.6503302949010346,-2.5526581292766357,1
1801,4.42204993546485,0.6686510653487776,0
1802,-9.898622788549947,5.722610565157193,3
1803,6.862926162351899,-5.525210522547381,7
1804,5.325439745439976,8.641322015918849,8
1805,1.5227243457482,-2.260061694191427,9
1806,6.942383769793009,-4.843426440594155,7
1807,-5.587374520873649,-2.6775842248919663,6
1808,0.4423957692885423,-9.52459829880581,2
1809,-10.551314570339374,3.0980762140022198,3
1810,-5.763689649622352,4.713371164390035,5
1811,6.10271857757635,-5.003168585773336,7
1812,-3.179146889011949,-2.0536331449348895,6
1813,-1.4281979121213648,-6.421684023063585,2
1814,5.004662926348472,1.4933970747708905,0
1815,10.14958479912981,-1.8977840161706434,4
1816,-10.513175699691782,3.893619525596491,3
1817,7.4043500650555245,8.318768889590395,8
1818,-5.686040880335371,4.19202589758288,5
1819,10.394189956454989,0.611744319394511,4
1820,-10.485562442378233,3.7215499053540295,3
1821,3.66820331369838,-1.30120902923275,9
1822,1.4440974765748114,-2.6979998187994987,1
1823,-4.946160823515056,-1.4594427484566337,6
1824,7.49839480743777,9.926121164381167,8
1825,0.9518525504728976,-3.6474631405402365,1
1826,-5.628041485929374,3.123278344305347,5
1827,5.547379959385641,7.409372390119567,8
1828,1.1849972081564886,-4.060088132473708,1
1829,10.029394194771049,-2.7282617206197086,4
1830,9.573798150386446,0.26696259467974026,4
1831,2.5829771804678887,-3.26788913293768,1
1832,-6.109587956542861,5.719471704360933,5
1833,6.151340164313412,-5.5580833000786445,7
1834,2.133783008946571,-3.8406951822369617,1
1835,3.3728614060572175,-0.06993461185987693,9
1836,4.152089660041973,-1.3128742223841077,9
1837,10.041584437635162,-0.27457477529094343,4
1838,8.730183909466037,9.665633592800734,8
1839,3.4809489380421814,-2.363790076268267,9
1840,-3.731038097799161,-2.5955273014030134,6
1841,-4.934788355570313,7.014240710090511,5
1842,7.3766965675454195,-6.199510425128175,7
1843,-11.449926155635616,5.588425008764764,3
1844,-1.6171809534315718,-7.592470063103911,2
1845,6.6057524933395655,8.616507961858307,8
1846,8.29355849873253,0.4329693905389427,4
1847,7.118100635271451,-5.618984037536903,7
1848,-9.119831198152895,5.060734370235035,3
1849,6.320616512252107,9.294200957861452,8
1850,-9.84352309365395,5.524838705199631,3
1851,-5.63617968244335,-2.801341317439439,6
1852,-3.6613262760059957,-3.5892073046279833,6
1853,5.957836320511766,-0.06353298865077046,0
1854,7.161167984660069,-6.131202364947252,7
1855,2.7927162231601232,-0.04433445819721697,0
1856,-5.90818360264972,6.231048624944076,5
1857,10.694562878584723,-0.011690343823964888,4
1858,-10.52785202571372,7.212384244289806,3
1859,6.2617781268671,9.537142885062746,8
1860,-3.1871455176442094,-7.181151283430064,2
1861,-4.947503924411985,3.806271801730542,5
1862,-4.3748562777632936,4.317807681693226,5
1863,7.805174486624418,7.0403620268365845,8
1864,-5.579796319053228,-1.3417747914094338,6
1865,3.342922823136552,-2.2462919897718687,9
1866,3.983146900930147,-4.343844300834255,1
1867,-11.312889959718115,5.936577194370591,3
1868,6.349333623276524,10.053775420456141,8
1869,4.385001508983492,-0.7581421553493382,9
1870,6.401216866258365,7.569977726244747,8
1871,9.725728972342647,-0.12891810502501067,4
1872,1.6322257050677624,-3.402897908527077,1
1873,7.075186498240098,10.747656071802897,8
1874,3.6474543038965006,-1.920873064963107,9
1875,-3.4208036185467647,6.774181934138335,5
1876,3.016425639842918,0.17289640523002903,9
1877,4.038871982950491,-0.7374453250041566,0
1878,10.561047362780835,-0.4498247685933314,4
1879,-2.1250539907350885,-6.119040043251164,2
1880,5.139115824987197,-6.521594948049785,7
1881,-5.5122169867797535,0.45706108716575766,6
1882,-5.215382833087577,6.079725897279067,5
1883,3.5411764106651447,-0.4856589722053768,9
1884,2.6957526385730404,-0.6075355786504426,1
1885,2.7434349163573137,-2.1437358181330697,9
1886,5.711672107879359,-6.3180246216655735,7
1887,9.546340024445236,-1.0852583314680344,4
1888,-6.348679721529256,5.747799222445892,5
1889,-4.474737555542183,6.717563859721132,5
1890,3.04147713356844,-2.1429710502712593,9
1891,10.282524040156204,-0.7696352159392963,4
1892,-11.839008431423622,5.111832212512495,3
1893,-5.258731999631731,-2.980105919115966,6
1894,8.816784197685347,8.869289108223914,8
1895,6.033669611145636,-3.7538252906676375,7
1896,-6.412891102008571,-1.5083139470621862,6
1897,9.501991990562248,-2.301093796771386,4
1898,6.736850000247717,-5.659847331350341,7
1899,3.2801955046037548,-1.4582944659413117,9
1900,-10.34139988100821,5.328457007841835,3
1901,0.4964143238963592,-7.641556322546843,2
1902,-4.368999410862688,-1.2130477114954643,6
1903,5.106152116598027,-1.4997515249342683,0
1904,5.079149743605249,0.38738786104724376,0
1905,-11.742964409758818,4.514698749597586,3
1906,3.0565385197990915,0.5700953341378656,0
1907,2.611816159995209,-4.405825801192907,1
1908,6.512705901281688,0.3666282972597241,0
1909,4.910414358838173,-4.636927885530731,7
1910,-9.121583484401453,6.301169460029826,3
1911,-5.718039708770153,4.194013367730651,5
1912,10.739966604493864,-0.7319579081960272,4
1913,-5.881357872664765,6.271250285592558,5
1914,4.70005341561872,1.2141905937692308,0
1915,5.991529491641223,-4.654035023577131,7
1916,11.041678128297848,-0.6071516473933014,4
1917,-5.196052277852916,5.590822782270743,5
1918,-4.016266097405238,-1.698204389968057,6
1919,3.6148068215035565,-2.9360777825321778,1
1920,-6.216020285292844,4.752265687656762,5
1921,4.1473797352616115,0.7683381536784464,0
1922,5.585979595056513,0.4915472038958747,0
1923,11.41339173372419,0.3447143918416684,4
1924,5.274970893536804,1.197064369279435,0
1925,-4.210974726742088,5.212650687910757,5
1926,-2.0978537163054463,-6.996213086179084,2
1927,-3.900591278012958,4.060099190654336,5
1928,5.46298094863596,0.35556821731033883,0
1929,1.8746309436241995,-3.766629350241881,9
1930,1.7937597970386256,-0.6576161383704495,9
1931,-7.201022584308927,5.085069473194171,5
1932,7.353606654342772,-5.491972230676664,7
1933,-5.3643302677023845,3.7393495204394966,5
1934,-9.470517014959952,5.143285993865169,3
1935,-5.090260799029562,-3.7138007532845316,6
1936,-1.7702836553121848,-8.162099000668878,2
1937,1.8678008156740455,-1.3892020002677674,9
1938,6.601736184439868,10.266030070183625,8
1939,-6.339520316551367,4.2445747439192205,5
1940,8.704872658304813,-1.9475066401470205,4
1941,7.939981046391505,8.52531456925626,8
1942,-7.149989613739517,5.9054427689699285,5
1943,-1.0850636090050625,-7.991198834374487,2
1944,-4.102865584498261,-2.8517316541344786,6
1945,-3.922223605174664,-3.4724484369262294,6
1946,-8.623346914865493,5.559938885940328,3
1947,5.0764790759172485,-0.9886161642173815,0
1948,3.2471276815616315,-1.4795580442332255,9
1949,1.5498837370559562,-2.7168212341236933,1
1950,3.9727280001020437,-3.9837180737631064,7
1951,5.591724649600447,-5.874251942942722,7
1952,-0.8267290125222051,-7.280313199412881,2
1953,2.9179617801010918,-3.3963722497603532,9
1954,-2.847810813123659,-7.788407627620894,2
1955,1.07942247680037,-1.2935550252911527,9
1956,-5.852665978445124,4.5715858252368085,5
1957,3.419568761794088,-4.707241998932857,1
1958,4.400399519366435,-1.4396690928557927,0
1959,7.47950807332599,0.4208817335852659,0
1960,-4.841451940434153,-0.13010811112186182,6
1961,6.598119188736461,-5.541056343286287,7
1962,6.460203930808298,-5.525006553376776,7
1963,1.769680133142025,-2.481942088768521,1
1964,-4.1862839690340525,-1.3406568350715586,6
1965,-1.1334303578736873,-7.1771947050137905,2
1966,-1.1243571579465501,-8.003930581787808,2
1967,-9.836228975156658,5.731194886111831,3
1968,-10.623570852470094,2.8448573744379035,3
1969,-1.171016576075783,-6.459719583996777,2
1970,-6.579806708151531,-3.381434180736837,6
1971,-3.7290260326164812,7.217304665802232,5
1972,7.52399953124067,-3.469744797546824,7
1973,-3.983522197770003,-2.057780016508309,6
1974,-4.171670495996564,5.900531328118688,5
1975,10.1197035492802,-2.6465548324420745,4
1976,0.31143075669990483,-4.0642602971401525,1
1977,8.936579001754254,0.04028838930153955,4
1978,9.290255006213032,-2.1455461972436503,4
1979,1.1958506890315193,-4.051857318769822,1
1980,2.4590589715678672,-1.2458953565935023,0
1981,4.9211779802698405,-5.113184658961296,7
1982,10.613154829533128,1.1536739980310422,4
1983,5.790723256046677,-8.712901993592416,7
1984,5.101591047598566,-4.4802650054805016,7
1985,3.150207485415022,-3.671696616650979,1
1986,3.8704143797071,1.7428961758205845,0
1987,-10.424055181420787,5.00510081991326,3
1988,4.5264936619208465,0.39838475760953407,0
1989,-5.847408298193677,5.462533600415889,5
1990,-3.2351138077626156,-6.598549354822597,2
1991,5.7563160753575,0.1353740840710692,0
1992,5.116171796917378,-0.7628703423322681,0
1993,-5.786590446994038,5.733830386902802,5
1994,-9.128179007495714,5.649752830951835,3
1995,5.977459152461557,-3.2487341629889492,7
1996,5.581205489783296,-0.26727393231960694,0
1997,3.4448155907774494,0.34030074251332965,0
1998,8.439635195265815,8.024297915943317,8
1999,9.771607890615543,-2.2454674001355386,4
