ID,x,y,Y
0,0.8007282502859436,0.8186062088236989,0
1,0.28185486523500985,0.8840715846655551,1
2,0.5144367071651206,0.7652512615292781,7
3,0.9259407708758014,0.40658137708069403,2
4,0.32642430228027974,0.5397120213222063,3
5,0.8747651284212121,0.7537534283371854,0
6,0.24267163720159218,0.5769887016659749,5
7,0.3324594095728361,0.5538468699939614,5
8,0.8600036056199912,0.43129364813560533,2
9,0.319725897489934,0.5577039169953325,3
10,0.9090240072274416,0.8279607892596093,0
11,0.8605491763974706,0.8487201768143274,0
12,0.46923708316818785,0.1175154788079466,8
13,0.18382989349756673,0.5085451274115549,4
14,0.51303186518006,0.8520179337080502,7
15,0.5348888337820504,0.8339095735892088,7
16,0.4901567771718801,0.07249241489428865,8
17,0.9364916088488684,0.4678393816986548,2
18,0.871954997907589,0.8847971411984147,0
19,0.36333672984612375,0.4979203365446501,5
20,0.3206813776851692,0.5458135999742976,3
21,0.9222435595175157,0.42270271168220186,2
22,0.20283989347135595,0.5066207575306172,4
23,0.926524053672413,0.43999733102723276,2
24,0.6632361357535099,0.8127399262396444,7
25,0.9589593192279258,0.449896949247697,2
26,0.21841297866130155,0.44351538935813545,9
27,0.9109523181843225,0.41736801674088264,2
28,0.9416117929125374,0.3871870754803195,2
29,0.2853067936410934,0.5784297869564488,3
30,0.22713325166949117,0.523492630374459,4
31,0.8660907428526224,0.8437226122185919,0
32,0.8600684360410747,0.842171872366023,6
33,0.4656067986108347,0.12599137716065373,8
34,0.601370045070093,0.8609535029507605,7
35,0.8633481979696468,0.8864210373407011,6
36,0.19829109097494413,0.49203005891463286,4
37,0.8989299177142478,0.466855521913825,2
38,0.7425202186523474,0.88199629415296,6
39,0.2597073212013661,0.453489359690919,4
40,0.2941786587074954,0.834366925846455,1
41,0.39827519321705096,0.08660994626943419,8
42,0.8786740167232568,0.4575764951443696,2
43,0.5016088362467753,0.801660826536809,7
44,0.447122629105516,0.012951042831479409,8
45,0.2829953115317519,0.49083804729116987,5
46,0.28226931018410306,0.49976895176186015,3
47,0.7700706340412222,0.8071990745108953,0
48,0.4403271653316653,0.10178820196427224,8
49,0.9043677800547888,0.44146997693051004,2
50,0.5894203182936893,0.8404941908220154,7
51,0.8118346364056364,0.8497673185385896,6
52,0.16389644382309498,0.5219132244633155,4
53,0.3342787618597508,0.5876196704557013,3
54,0.5113894859140626,0.8522507407104445,7
55,0.26896498998588503,0.34665549144534186,9
56,0.39050083404310976,0.7194409452437199,10
57,0.3067637737826801,0.6719198208741552,10
58,0.29682633026453203,0.4473280571513524,9
59,0.3114134781203169,0.4971765533164741,5
60,0.21742765440377282,0.5569714091455354,5
61,0.2817813184667448,0.5405726524258706,5
62,0.49188449902750786,0.09921901313905634,8
63,0.8476368014672149,0.4301094685586624,2
64,0.20607147581636942,0.5546194357254605,3
65,0.30959911437679183,0.38434164491834166,9
66,0.4539469326587411,0.12313771895529108,8
67,0.8396397785039449,0.7878085128730018,6
68,0.30443813726879515,0.8325269673084714,1
69,0.26584546140662474,0.5522007355304916,5
70,0.24186438679321537,0.527786967980994,5
71,0.35839737513972625,0.9358705774123934,1
72,0.8513557712177793,0.9188408523570679,6
73,0.2884295261516568,0.5015367809997832,5
74,0.9254768729480665,0.44926898123692555,2
75,0.2454511161629297,0.34964190592285604,9
76,0.4610180404817396,0.1202606498176072,8
77,0.375708014302563,0.8765779721280382,1
78,0.5118767912898444,0.8482813618840556,7
79,0.8722069250346096,0.9064494206911022,0
80,0.5934392461235595,0.7864657534367208,7
81,0.760671772493527,0.8908216883616153,6
82,0.23250764477010738,0.5444555227900724,5
83,0.5916908785738824,0.8304347075930261,7
84,0.27575095712877773,0.3762932927250564,9
85,0.5271302415502158,0.8458482317023885,7
86,0.16637367031094719,0.4697022735495229,4
87,0.4863888535509164,0.10165327110530004,8
88,0.8908081792703477,0.39086596243231875,2
89,0.8452523665944003,0.883488555779184,0
90,0.4732666032175775,0.06775961811963338,8
91,0.9057431741739788,0.8144216825907946,0
92,0.385110363132604,0.6298175144473859,5
93,0.3369944124260573,0.5214576965749073,3
94,0.22348642615086511,0.5750134267297609,3
95,0.8458261776403192,0.8406091630354859,6
96,0.2784354246948397,0.5718190452528895,3
97,0.3665336571190823,0.11842955528951421,8
98,0.30084889877368487,0.5295005667713424,3
99,0.423567315669404,0.017621508864158475,8
100,0.29888344992875726,0.3645722787032787,9
101,0.8301373466302449,0.8953877077228825,0
102,0.4257822116881984,0.6136427467398254,10
103,0.26439490457842973,0.5187656109053134,3
104,0.8709037231386008,0.8499782475609572,0
105,0.2906949090014675,0.5074085938942612,3
106,0.20487012992876996,0.5348919909765609,5
107,0.8174736757787763,0.8348763623588975,0
108,0.16262420032153946,0.5011660919873768,4
109,0.3024030343514228,0.9182491088198735,1
110,0.3432673757980724,0.6239983063882004,10
111,0.48074109323509684,0.834169422806185,7
112,0.8392968682558083,0.8392297813899325,6
113,0.8821263381918765,0.4619674504482712,2
114,0.34618999390085564,0.7261402649778028,10
115,0.7777586546780666,0.8657857808199863,6
116,0.9557053373460296,0.44562090911679625,2
117,0.8621522385823482,0.8575976640762707,6
118,0.5616650035135444,0.7901880702618322,7
119,0.299429571835049,0.36426970391189467,9
120,0.8517479633714478,0.8131544342270425,0
121,0.37761218602350144,0.6392912438352634,10
122,0.805639364189555,0.8965883245932589,6
123,0.5586259170123097,0.7736663319957273,7
124,0.11875692797605658,0.4689594628764731,4
125,0.8414560856010458,0.9014611028440059,6
126,0.8378159994092411,0.9324471904106375,6
127,0.24967039494845567,0.3854789114488284,9
128,0.39909642251024935,0.6875445672580702,10
129,0.8847322004679047,0.44157556256631175,2
130,0.8391869676369634,0.7919864827903813,0
131,0.5467535315797464,0.8579034763574427,7
132,0.2777945062826298,0.39177919837109154,9
133,0.22753401470386841,0.4788878766699914,4
134,0.3430977218026059,0.4922739864629147,5
135,0.35571294764684425,0.6828709740629308,10
136,0.4088055855319722,0.13653528076373683,8
137,0.24428532754661764,0.5875596189169199,5
138,0.31608491346962214,0.8672811074794,1
139,0.44388503833442844,0.14703081972709486,8
140,0.28712011062463055,0.8786324694473364,1
141,0.29441115757062525,0.5209333845970378,3
142,0.18904328108855212,0.489110991936556,4
143,0.3798508980172616,0.6692342582252193,10
144,0.3105196425601571,0.8528519734505025,1
145,0.23484272348474378,0.47052883910394555,4
146,0.4282655609482546,0.13538180379426512,8
147,0.7885065264021331,0.42356745375388016,2
148,0.37524584145426154,0.5778685704863491,5
149,0.15755874897253208,0.5526689550371995,4
150,0.34734876502642686,0.5985855300015397,10
151,0.5061123663762038,0.7547081079556971,7
152,0.5687894371309534,0.7420507245549597,7
153,0.28388119040114057,0.6165240448526862,5
154,0.528752760291469,0.8042126295529808,7
155,0.0,0.48936216088590906,4
156,0.33340381688021536,0.37283019351512325,9
157,0.2194117956944432,0.49372538840084423,4
158,0.35130784811522153,0.6317179441309914,10
159,0.8176725807629479,0.8556673348473732,6
160,0.49588933098340526,0.1298467820712197,8
161,0.8666030663988042,0.4648029819714312,2
162,0.23285383465883103,0.5256711743009168,4
163,0.8450598894966532,0.8480995690558102,6
164,0.2469074364705356,0.5021457511205079,5
165,0.5684515160771351,0.8179933560603229,7
166,0.2159420315874372,0.35227403053813144,9
167,0.4758972756213788,0.14329969873855908,8
168,0.49666820853589705,0.06363921144800494,8
169,0.2547419437436083,0.6023905335454708,5
170,0.25373691988895286,0.51455335134679,5
171,0.9403143366285918,0.7939147623217523,0
172,0.819340104248794,0.5097769886694936,2
173,0.2600274024709069,0.44349637180845175,5
174,0.2576984182807963,0.5139118760458691,5
175,0.34325912530834746,0.14371578686413372,8
176,0.23253174703116564,0.8588145689257083,1
177,0.7856353942708112,0.8240471334797551,0
178,0.8269653027843054,0.8549089235321177,6
179,0.50042560984693,0.8333230600616688,7
180,0.8873233453697239,0.8969929829343426,0
181,0.29968447801472015,0.3823392891203274,9
182,0.7863841491205015,0.9125188248298276,0
183,0.28505652291509315,0.5762506213008559,3
184,0.8852990720460125,0.4939130161650036,2
185,0.26693669853538865,0.5388583935980804,3
186,0.8585951554757378,0.42867453461112537,2
187,0.7837658509129544,0.9029467592306846,6
188,0.77770154718757,0.790959652920185,0
189,0.2834824260732921,0.38209058117359024,9
190,0.9615837345084678,0.9523965388060733,6
191,0.2731148708793596,0.34344391527518514,9
192,0.4521068360766115,0.6489821895167376,10
193,0.5631559774507248,0.766802997915029,7
194,0.8560407745835622,0.9333444099808119,6
195,0.26474634515942597,0.3050994174286409,9
196,0.34015584575469626,0.5142349742867407,5
197,0.32696903773409786,0.38115791719405545,9
198,0.3005351251331742,0.54773491785092,5
199,0.23247802807075052,0.5248453364650619,3
200,0.20107133086994644,0.5248144504237229,4
201,0.25827373516281427,0.42371604026140064,9
202,0.8309941603376017,0.7313914944553088,0
203,0.13738273328582729,0.48108832270339486,4
204,0.41460850777104863,0.6410492111817983,10
205,0.45889100283727224,0.6670187987618426,10
206,0.28645451567439156,0.41131201866666395,9
207,0.20615331887212318,0.5091718750453145,4
208,0.5174587468458509,0.09835108889212024,8
209,0.4437705746468237,0.1610080689215695,8
210,0.36201600449702154,0.6338193526307963,10
211,0.1517671495467251,0.5150934017278294,4
212,0.2828329215409933,0.5584339877984268,3
213,0.24532548143366334,0.5555172799047455,3
214,0.4099293953812627,0.6565014937677804,10
215,0.3172201529588048,0.7409894524404974,10
216,0.5584372933010108,0.8188022676024089,7
217,0.5013765051761203,0.6569884515939118,10
218,0.3810875582540868,0.6855027946800859,10
219,0.9003669037602501,0.8766130974809323,0
220,0.4999973469820672,0.7800877749139103,7
221,0.892072364188909,0.8494405723495351,0
222,0.3595606840628942,0.6718898589352421,10
223,0.2839182560556513,0.8858581646606365,1
224,0.8294510468699426,0.8609186064248311,6
225,0.3274969073974816,0.877581301664284,1
226,0.8447126633297684,0.8817946947678444,6
227,0.2680772493148783,0.7133281895230559,3
228,0.23216803306556133,0.6140810141076911,3
229,0.24395654851447185,0.3768635832616366,9
230,0.305873146609332,0.5723326941121178,3
231,0.4134144562480979,0.17206434529180553,8
232,0.29492402729641737,0.4994698818780085,5
233,0.5146233580064378,0.8512329285620068,7
234,0.28020849752121585,0.4449845628529448,9
235,0.4940118783997215,0.7685439975649744,7
236,0.31005019785597115,0.3918940981305568,9
237,0.5080591306141421,0.8498226887811585,7
238,0.1667059635177498,0.5537987564737671,4
239,0.8597290684870538,0.4811982425141514,2
240,0.471480165343161,0.6732454529934642,10
241,0.4093639185156963,0.6435440979070531,10
242,0.8572064720052732,0.8535246583668445,6
243,0.33968422183030644,0.8407128740003365,1
244,0.5084631248393553,0.8527713954007271,7
245,0.16026413770720982,0.48414618551377064,4
246,0.33082756740943386,0.5912337546429893,10
247,0.8894576800374752,0.8258909235820705,6
248,0.5836623432191422,0.8534754537146246,7
249,0.20897514537860634,0.5249966816108046,4
250,0.9443086606649852,0.791831878632844,0
251,0.29621097382410244,0.6139353906327109,5
252,0.5163386486648274,0.10357778612710195,8
253,0.3923427259723001,0.706659366304244,10
254,0.4122933938137795,0.7223491859699606,10
255,0.1728575309367557,0.510464395665797,4
256,0.5040732732824919,0.0930603098108414,8
257,0.39190423661676954,0.7172719828699128,10
258,0.5336294769018554,0.8008329037291676,7
259,0.9323931558642526,0.8635572303236402,6
260,0.3542495289160593,0.5862691788294362,3
261,0.8368013304388036,0.8400793027675659,6
262,0.21727508539266155,0.41195833495152995,9
263,0.251380531189512,0.38135578328637526,9
264,0.26084565826880785,0.5235128016232035,3
265,0.2759662952485529,0.5579877354537737,5
266,0.3391348043471544,0.3918838773297049,9
267,0.5460681024072718,0.8088999711690159,7
268,0.29304440307188884,0.3980936310269479,9
269,0.21517277698087783,0.49034472716826727,3
270,0.9199069499530875,0.45141938079371446,2
271,0.5533572429389069,0.8413761673686957,7
272,0.2570883776001779,0.5384922194185799,5
273,0.7621284273685935,0.814257097571576,6
274,0.30107140693664897,0.5669635551899689,5
275,0.5788083705267043,0.8676567265142698,7
276,0.26452771656087926,0.5592672283769209,3
277,0.3001342775041309,0.4001176914730897,9
278,0.4175523515531587,0.649739917386883,10
279,0.23356663611864764,0.5902063649625584,3
280,0.1389793039926806,0.5666022637146501,4
281,0.5289265333749907,0.8083983958010623,7
282,0.9063683628804042,0.4338370744725583,2
283,0.3322707098901618,0.469178546194768,9
284,0.22431360174711062,0.5202951094108135,5
285,0.3734714418301638,0.6383856120600767,10
286,0.8200727002360606,0.4825987555730639,2
287,0.8739780374982704,0.8597520965844974,6
288,0.45324093905618323,0.6844288760395828,10
289,0.22269663955976637,0.5727480260750324,4
290,0.8937537333086256,0.8726204591814106,6
291,0.3181406257098417,0.5856867978034466,5
292,0.817671310520084,0.8267864006617824,0
293,0.25891455468490415,0.46448537025013437,5
294,0.22411188288388906,0.5084704070588641,4
295,0.48083113377295084,0.7369429165914847,7
296,0.4905664707657666,0.07762217966022589,8
297,0.3698470651437038,0.5711587667899176,5
298,0.5227730397920233,0.8518650317530947,7
299,0.36494582375450746,0.6424935931756675,10
300,0.46611736523694625,0.11666780368056667,8
301,0.4979758670349269,0.061162921035774476,8
302,0.27521716713543976,0.5206425772483856,3
303,0.4260596269185627,0.692768691380271,10
304,0.3246662978874007,0.889882105423641,1
305,0.21785704435068515,0.4869742707699372,4
306,0.308170202969287,0.2987171436294145,9
307,0.26590431706071344,0.6022948565841849,3
308,0.9557044873691024,0.49233683005545903,2
309,0.4286313958748601,0.14158343420469754,8
310,0.2767106491297289,0.5134766586503993,4
311,0.522274417337956,0.7457573412280791,7
312,0.14720268689491028,0.4530751654587579,9
313,0.31610018989730704,0.6770396508379903,3
314,0.21815179579534072,0.526184095450819,4
315,0.822314617209106,0.8088338166274855,0
316,0.5120968832680205,0.8410441565780913,7
317,0.59618597019299,0.8603285520121877,7
318,0.3494808027403701,0.728998220241105,10
319,0.27698332185824276,0.4949014971382246,5
320,0.4983327741953652,0.09996772044663688,8
321,0.2730938983470572,0.46418031226980544,9
322,0.5771556833990954,0.8576582322930328,7
323,0.873705191299117,0.4230492618975922,2
324,0.5485947389730595,0.7913083778741363,7
325,0.8313034450965895,0.47507261227018177,2
326,0.3823655856767223,0.6769250288413802,10
327,0.3963417578688513,0.652598494428915,10
328,0.5241699915302909,0.8546056618460203,7
329,0.9384243760396979,0.4382307356362364,2
330,0.3148393886255951,0.9490413878835925,1
331,0.32494239997320185,0.8910961654163213,1
332,0.39606019120705427,0.6852806766636057,10
333,0.28769086676307115,0.5622478480362404,3
334,0.8379050910107028,0.8579233198850962,6
335,0.9460449441581644,0.44912166997202646,2
336,0.3064746463820724,0.31290053108995686,9
337,0.3567503634530229,0.5886527275797908,10
338,0.771667063897334,0.9011273026335979,0
339,0.7806872183224275,0.9071095147891653,6
340,0.2929317396509352,0.5847891891512571,5
341,0.44829209102821055,0.6728736359637836,10
342,0.33194194431775265,0.3833694578688608,9
343,0.776167890404456,0.8351541626523802,0
344,0.8627445194050278,0.8574623393125516,0
345,0.7881949264161658,0.9541136498044678,6
346,0.21991042670883015,0.5069795641620701,4
347,0.5707575523241362,0.8120885204212016,7
348,0.548162024216628,0.8355064874870475,7
349,0.32637932450180496,0.5865226669678434,3
350,0.4590783991371027,0.11029646395699427,8
351,0.9725236423963085,0.39274440183686754,2
352,0.41788020809099763,0.7476787332496067,10
353,0.19394179056754496,0.44154671562916903,4
354,0.8728927727516262,0.8515602319062082,6
355,0.167433748477681,0.5022075820198144,4
356,0.9253282923535316,0.8775609488443975,0
357,0.5680745874181823,0.8293410286141472,7
358,0.4220811475696672,0.055926044239221595,8
359,0.42933044915970286,0.06279575997669806,8
360,0.41120315271117436,0.7153104130861114,10
361,0.2556995677937633,0.40045659312918624,9
362,0.8321955924947093,0.8527809512409184,0
363,0.92671463162353,0.48215773396466705,2
364,0.23938915829244245,0.6007305901973382,3
365,0.9049739929689609,0.44545521233877894,2
366,0.8848238919430638,0.44441960700689254,2
367,0.24909403003256397,0.8702039378013275,1
368,0.8120149732492823,0.9001520622330431,0
369,0.3348203334621934,0.8814390374235503,1
370,0.8679090104235172,0.8540996209610916,0
371,0.8593697774705658,0.9083005845478445,6
372,0.379158980312974,0.706506782488437,10
373,0.3553552346723617,0.6910669871259273,10
374,0.8753560984875657,0.8428754902954118,6
375,0.47608813445510867,0.04224366679382674,8
376,0.2375265482929117,0.5232890406151535,4
377,0.3829491930757689,0.1129897252085364,8
378,0.30524906771665195,0.55852355875481,5
379,0.8779775001249949,0.8621757080130497,6
380,0.8593873983978757,0.4335503922300584,2
381,0.24041093827831495,0.4910827443712753,3
382,0.4496728153789729,0.13743841942896717,8
383,0.8526244809565063,0.4518386551511059,2
384,0.9359988353377324,0.358493371374954,2
385,0.9297156330197172,0.4443157991016516,2
386,0.377048281330491,0.6618356691564721,10
387,0.7746684930439219,0.9531338328457428,6
388,0.23938293193903581,0.4855111872577804,4
389,0.22947388872503777,0.4038880474886931,9
390,0.4112097627497686,0.6592495347802264,10
391,0.8694854001244758,0.4530507133676134,2
392,0.24945381228855723,0.5413990643481675,3
393,0.503929982289657,0.8236692636367762,7
394,0.9268332993749122,0.4355807932670002,2
395,0.2766139244298878,0.5970849910470499,3
396,0.17229301537491354,0.4597054733142785,4
397,0.4652920451681636,0.18316122648827032,8
398,0.8023465965063803,0.8649912915593028,0
399,0.16453545412747744,0.8894484514769925,1
400,0.14337943753249022,0.4884597991770899,4
401,0.7985423003124791,0.9459660517876228,6
402,0.4430995163708042,0.06474272807548043,8
403,0.2794065076391268,0.5359864507535972,5
404,0.8826031790213498,0.47890154093999837,2
405,0.8624172756320703,0.4591084252728061,2
406,0.29551798886856406,0.5318766978698906,3
407,0.17860004247738448,0.5565161190960362,4
408,0.4397603146563083,0.10284578351718848,8
409,0.27359689533919124,0.9159935941113118,1
410,0.155809692632078,0.4877461050229468,4
411,0.2342302584607257,0.5864448372914729,3
412,0.254660578003242,0.34749039589840713,9
413,0.45416672395698665,0.07714547912264674,8
414,0.8374975389652055,0.8554517280188492,0
415,0.25844493978740285,0.8481389717306158,1
416,0.29498462817505117,0.5193255389199535,3
417,0.2785340349740195,0.38378244359419866,9
418,0.9250386682979979,0.8235524858752041,0
419,0.30030638533886644,0.5446607197935847,5
420,0.2503281590904767,0.357554497566459,9
421,0.2222164998621513,0.4721030357187659,9
422,0.8974867680454184,0.4641279569415281,2
423,0.3917732607751937,0.6977466374294417,10
424,0.8653436497721668,0.7907900848366897,6
425,0.15383261594899417,0.463627480927002,4
426,0.18928601628401326,0.8392113821793061,1
427,0.4259377246943708,0.15760413711804427,8
428,0.8817084552829957,0.8523947822831979,6
429,0.2719744172873166,0.35046545242631555,9
430,0.15620035840062996,0.4822282263167499,4
431,0.17295577331577872,0.4938913041389228,4
432,0.5744260623249279,0.8557958084462824,7
433,0.31301126656789624,0.8774346887989386,1
434,0.5130538351753644,0.7299309503452425,7
435,0.9130492044202279,0.4328804547260811,2
436,0.47970632853635675,0.039574854802735815,8
437,0.8823491136029806,0.43061820334837636,2
438,0.31684936094071936,0.5760039672984633,5
439,0.8474973877336788,0.8391533757574701,6
440,0.2092855358933276,0.4881067315510171,4
441,0.17206313269609053,0.4904919596533305,4
442,0.885002238168674,0.8169835218245893,6
443,0.8373625562059628,0.900672103402237,6
444,0.8684939459090213,0.4386779799072953,2
445,0.2743850643655746,0.557663741831142,3
446,0.34338510108193976,0.6955591984210224,10
447,0.8619190251741207,0.7490365184959041,0
448,0.2464487049482576,0.5469108867226785,3
449,0.243693939212267,0.3794944361656417,9
450,0.24945596772082856,0.6176431118197303,3
451,0.2020576624048825,0.5434270437043338,5
452,0.44242485530258235,0.7189295093041588,10
453,0.46703125627834774,0.14250864012480152,8
454,0.2719509820001559,0.6167695610949253,3
455,0.16508457066967214,0.5078462973879933,4
456,0.24117899264630033,0.6120512154279388,3
457,0.2512569342810241,0.5297104477034154,5
458,0.2497596397181348,0.9104178295912899,1
459,0.4884783131213976,0.8124007201298953,7
460,0.31558437948378926,0.8975038371076365,1
461,0.9374058763844764,0.404440624937491,2
462,0.8612757061373,0.4938419330713643,2
463,0.14866870965345313,0.4493274295940651,4
464,0.20496731329429352,0.4760799321107323,3
465,0.4328552787892185,0.1838618913670791,8
466,0.8627819666584406,0.8669744353594663,0
467,0.2730636075474216,0.5131790343731355,5
468,0.3211533769690964,0.8303521961987436,1
469,0.2587822767268751,0.4213734727577836,9
470,0.2462741032680707,0.4977433352970669,5
471,0.4475356116069249,0.13548037871392554,8
472,0.41031074295132575,0.11542203177646182,8
473,0.18246114488568954,0.4485220710578609,4
474,0.29546224470417065,0.4126023570550687,9
475,0.35171114686076455,0.6802641412585505,10
476,0.9031664786378226,0.8627330839059725,6
477,0.37675340303754656,0.6595372149562002,10
478,0.3348270979398831,0.854735665627971,1
479,0.8666560135571371,0.8756277225594996,6
480,0.4824770378065803,0.1390903554188187,8
481,0.25924099065514733,0.4251544709319177,9
482,0.8336196610570756,0.8676527882465646,0
483,0.4563478370810945,0.0904694294942584,8
484,0.16899795957921288,0.5247847469366383,4
485,0.4233559953176962,0.6803712267765014,10
486,0.5582941672928625,0.8069382768222922,7
487,0.4181869590414063,0.624159788223858,10
488,0.5569246013564989,0.10646344944709984,8
489,0.1812837218816612,0.5278368499671457,4
490,0.4597213591958954,0.6405859450038358,10
491,0.8348066068808349,0.8247426419979509,0
492,0.2248839863074792,0.5815112800489384,4
493,0.42146776407756115,0.10121931737240947,8
494,0.34090009130799215,0.3875099896494174,9
495,0.5141402641092668,0.8170185558256116,7
496,0.29541649933256386,0.387640920547094,9
497,0.35816130807921154,0.7110996667069274,10
498,0.2794261110313851,0.9319651122754136,1
499,0.8494052255741433,0.8684550404843827,0
500,0.4803446797738724,0.09452751278213223,8
501,0.5923721743484567,0.8085143086335855,7
502,0.4247615342071234,0.09578482484792966,8
503,0.8626306900458027,0.8755682424732748,0
504,0.21244464391082823,0.4836447800422925,4
505,0.4920619644699743,0.8084550412908008,7
506,0.5730250631075426,0.8188741711408862,7
507,0.42950638245360667,0.1701065441482545,8
508,0.8525270261106624,0.4652505714768983,2
509,0.41392532121714176,0.1203392876234084,8
510,0.5903401792085352,0.7854209433532241,7
511,0.31319076879718705,0.582114953198912,10
512,0.39122842410466696,0.07590229461128167,8
513,0.25696710670669914,0.498009173605704,3
514,0.14332867157265555,0.5291125912961492,4
515,0.8340266714222571,0.8864095894628784,6
516,0.8895027050272175,0.3726438574175209,2
517,0.43493467681438874,0.6231548390887336,10
518,0.2180881173540385,0.5099190178793146,3
519,0.459143156264191,0.05991652939579595,8
520,0.5296943570727838,0.856056179180386,7
521,0.28439976932155125,0.5927597251963668,5
522,0.25567456308986913,0.36512076343256966,9
523,0.27644784253363236,0.5609699921060084,5
524,0.4884786337593019,0.13897135181444698,8
525,0.3194037202572197,0.5663519279405577,3
526,0.8164574176134938,0.43161477195569764,2
527,0.256273110984969,0.6029323601260388,3
528,0.1807728600245403,0.5278056132820772,4
529,0.15371048686633637,0.5360815546338049,4
530,0.2815688503254454,0.6170123506280049,4
531,0.9003720278800593,0.4685096028062349,2
532,0.23661242114984704,0.42583589617853046,9
533,0.44919227175952425,0.16901119373181722,8
534,0.2958019083158234,0.5199445558087633,5
535,0.29196008388208267,0.561965845218074,3
536,0.5197602598374158,0.14642242442555659,8
537,0.29821759870615566,0.3909983600796705,9
538,0.5244188056492631,0.8231170812841532,7
539,0.3606468414813293,0.7330815986840731,10
540,0.24946819698998907,0.382565875550633,9
541,0.930309526846437,0.45328409485950166,2
542,0.24393374832385772,0.5344890221766012,3
543,0.8463199230864904,0.8994515717331162,6
544,0.35969740956546864,0.5748741442873592,5
545,0.8620892475785225,0.8767281301111878,0
546,0.11739592375670549,0.5169288114752038,4
547,0.5766807714437412,0.8889414322571552,7
548,0.5150612921045449,0.837309563818754,7
549,0.46511899814321944,0.12447438008422484,8
550,0.9164978281331466,0.8678311692429819,6
551,0.8676934613392459,0.4773998000311426,2
552,0.4219713573154844,0.6408393101882305,10
553,0.5173638446544918,0.10567853397063132,8
554,0.3983594854306405,0.12595593839779223,8
555,0.5623294199974865,0.8289519126905028,7
556,0.2914760307151845,0.5700717132986244,5
557,0.5367870745255936,0.8650735502113175,7
558,0.4380910627713016,0.054301418702857485,8
559,0.27303772421751143,0.40591669884977966,9
560,0.9366808781534975,0.41925043903265224,2
561,0.4069905896241496,0.6165384813792227,10
562,0.8751465259964497,0.8588667828800318,0
563,0.2502172668375925,0.9172095340828645,1
564,0.5279609233599852,0.8046488786210105,7
565,0.3453761498663099,0.8415281081632696,1
566,0.5198168052664142,0.07884147649234174,8
567,0.2879001199592652,0.491861533860669,5
568,0.12902628550208556,0.4017880683020945,4
569,0.874888359985085,0.45176644851631426,2
570,0.2529517148728052,0.6267415274867423,3
571,0.3018282518077154,0.7930322230193312,1
572,0.4802040792214417,0.13988764481704796,8
573,0.4417490231059424,0.6764721182058612,10
574,0.4483933885325768,0.0781107969922098,8
575,0.24319242473209435,0.38697965927598377,9
576,0.8922320214130277,0.46442536106605337,2
577,0.403896819003864,0.7541783025215351,10
578,0.8909128532305123,0.9008616690576419,6
579,0.31868463603604574,0.9007273947177102,1
580,0.8526693082319217,0.8510421525108416,6
581,0.22954939572153954,0.47886570572511017,4
582,0.18959541119310458,0.4815579254569796,4
583,0.3475744112941571,0.5447000705286283,5
584,0.19165742476430142,0.5096774185179561,4
585,0.2722128795928227,0.5406697225542679,3
586,0.19914334714781062,0.5944837240474528,3
587,0.790971139435581,0.8628163642372308,6
588,0.937014095902014,0.44357851066757553,2
589,0.23122655747338028,0.5960879176095227,3
590,0.2057397417935638,0.5634083940373488,4
591,0.9020398530535572,0.49588799418957946,2
592,0.2500665092008236,0.5905172186639119,3
593,0.8990537496158062,0.4718129275734928,2
594,0.25838261382557876,0.9214865301644497,1
595,0.5421018636503211,0.7675315973286803,7
596,0.8245276062315765,0.8342707841745045,6
597,0.42020502296688633,0.6531403138653586,10
598,0.5253226537027494,0.7944726988178926,7
599,0.3440272607725891,0.9414198406179707,1
600,0.3828649112562207,0.6819239310439482,10
601,0.430132481457403,0.6932356763476646,10
602,0.2810847729615096,0.5421295760670084,5
603,0.30780693306439827,0.9112022469084473,1
604,0.4781043332437833,0.09209770445420584,8
605,0.22653524220233467,0.5206901876583578,3
606,0.4828284642424917,0.6048144491182114,10
607,0.8198684813824706,0.8716680559873452,0
608,0.32050392475690576,0.49492339822809395,5
609,0.7858698099662624,0.8228021940779118,0
610,0.33870222433115077,0.6126619869400174,3
611,0.24419940795444328,0.6164401011181033,3
612,0.3709246910850607,0.592727584590301,10
613,0.836872047326455,0.9339711569838782,6
614,0.3838798547443968,0.7045045454985234,10
615,0.4767930308571889,0.1489461108911631,8
616,0.8866766231231228,0.4578590265982514,2
617,0.3021327564879269,0.40165107998981886,9
618,0.4987474183117582,0.8185613125678897,7
619,0.8203406398271735,0.8900885724949084,0
620,0.3452437001352763,0.5117865890816418,5
621,0.20263827427250786,0.4804888484204674,4
622,0.2375881275291381,0.8847159442116239,1
623,0.12846103359269911,0.5583896670285469,4
624,0.8395748882159548,0.8017467020631546,0
625,0.20073977971085716,0.5686801065201416,3
626,0.8288443317482046,0.8743224859442741,0
627,0.4949100623733065,0.8772121073671468,7
628,0.2250095508647123,0.6025611931353839,5
629,0.5362001860795155,0.09941172162506962,8
630,0.1570968053646179,0.5377939832771201,4
631,0.5306051182211687,0.749208195824427,7
632,0.21664058190472024,0.5528604110048193,3
633,0.29997967198952985,0.48904336086742717,3
634,0.26020250998648525,0.4831734726251176,4
635,0.27907712195346657,0.5480402319575434,5
636,0.9032456773495778,0.4378392607397369,2
637,0.875348653657324,0.739507403284018,0
638,0.5232452141347161,0.7740780472383635,7
639,0.37883462536644824,0.5546167674247675,5
640,0.8790447875141721,0.4591433586714485,2
641,0.479886199532683,0.8650073797167855,7
642,0.23323443848275965,0.4656693173083002,4
643,0.8412932850764832,0.5077675488494485,2
644,0.2293958956912887,0.8881227163823997,1
645,0.91095776960804,0.4336153324964721,2
646,0.5029606868828784,0.8316532015247575,7
647,0.2911238966201478,0.5809533981944073,3
648,0.4367628278793543,0.6971824351548277,10
649,0.8511814802500128,0.8415635245457075,0
650,0.3196644217163792,0.3997940925906689,9
651,0.8698137141785866,0.7919595808776223,0
652,0.48170776014567507,0.08979818084332197,8
653,0.49365602454393187,0.04545049087086911,8
654,0.3776647040675815,0.708592347196757,10
655,0.8409594590903063,0.8658257603748133,0
656,0.31500233054017435,0.9676267164433712,1
657,0.5224116478574456,0.8072765214126341,7
658,0.8846403556907987,0.478494646243924,2
659,0.27751115083745825,0.32925892268339285,9
660,0.293297424752821,0.6129915765848248,3
661,0.2736173460929053,0.5922092613735496,3
662,0.7977931415677315,0.8176539279951489,6
663,0.3008930759816096,0.564830112636645,5
664,0.25079197895260524,0.503035697117852,3
665,0.5834336738043826,0.7608675986189994,7
666,0.8010744200750035,0.8802243026736509,0
667,0.2765352818206592,0.86691458352729,1
668,0.32011305131178625,0.8731874644478226,1
669,0.24561287745212146,0.5603726121204233,5
670,0.8476448440850063,0.48510985393780937,2
671,0.19476348702045154,0.5360297382819534,5
672,0.216221238436845,0.6065380281637989,3
673,0.9111137187617018,0.43623445370992175,2
674,0.17033756272446798,0.47419804614601324,4
675,0.3974486931640303,0.6299820614624554,10
676,0.288570965670249,0.3999760295338886,9
677,0.2722970254794699,0.5512108465539681,5
678,0.2683395930179211,0.5771158837613266,3
679,0.8865445936822164,0.8178036446519814,0
680,0.8629822397891672,0.8844489931969344,0
681,0.9379560986751037,0.460293797460787,2
682,0.25656770546272856,0.5399803109103224,3
683,0.19214357282056194,0.4588158960029951,4
684,0.7841292552978898,0.8818382410453208,6
685,0.3243649269993168,0.5860130090484799,5
686,0.2628682710543395,0.5296621431805167,5
687,0.25290191663352635,0.5427904686747056,5
688,0.22555698580983063,0.4301477116528662,9
689,0.26848467716675367,0.507871649413457,3
690,0.2568737603469812,0.5467812425286133,5
691,0.9135845090285325,0.9113050214178676,6
692,0.21961124529349174,0.5035329239180236,4
693,0.8552180725803102,0.47332492158753564,2
694,0.4039207526330351,0.6570903785345779,10
695,0.9291208138587457,0.42920656052309164,2
696,0.8509547819479797,0.8619679297158077,6
697,0.4827049764394272,0.6684749530707943,10
698,0.47137825844257575,0.6437172714931608,10
699,0.8373083813536414,0.8842990707990802,0
700,0.2195741376675489,0.47426976416943667,4
701,0.8850064043423422,0.8121283277388421,0
702,0.8807974024882514,0.8084741839072236,0
703,0.30523247291569,0.5418906972041416,5
704,0.8061729455836996,0.84309423165173,0
705,0.8497730119521842,0.8893569852152248,0
706,0.26431617328476886,0.8810193164664379,1
707,0.468117053817195,0.0691027690686879,8
708,0.4202660887567751,0.14951999259072618,8
709,0.2779773415348545,0.5346302675965556,5
710,0.3118858014441266,0.8498668464986823,1
711,0.9106121460869327,0.37560305063502214,2
712,0.28989192555627225,0.3983929967700086,9
713,0.7537426307814257,0.845773669233938,0
714,0.8341429602608945,0.8365837992783833,0
715,0.2475652050136123,0.52555348705487,3
716,0.9055632036689237,0.899422429893382,0
717,0.3215848242029252,0.5743026648629511,5
718,0.41647849300089324,0.6526901954031867,10
719,0.8684093525693333,0.9354217226232173,0
720,0.28771521990625337,0.8872937558526917,1
721,0.25094390902890173,0.8967146945975065,1
722,0.7891059185319611,0.8754384425342367,6
723,0.2838003105497196,0.9010749379367594,1
724,0.21114210242254589,0.4181705531746999,4
725,0.31257466509967374,0.8774107129125028,1
726,0.25515076866068853,0.47335096520862113,4
727,0.22277885306830608,0.3458441711262866,9
728,0.8546291768599297,0.4487159240012783,2
729,0.5397677579685216,0.8161654547016528,7
730,0.2856911317867807,0.8093617818714904,1
731,0.31822046406302984,0.7919480922996363,1
732,0.269812828532313,0.5323997297823163,3
733,0.801646841120818,0.805518180645882,0
734,0.4658036084421202,0.674882363547473,10
735,0.3968941504745048,0.8802476272109674,1
736,0.2769727552241532,0.5774643706570552,3
737,0.38155957363047777,0.6661517509286945,10
738,0.2354208402265261,0.4869915441634149,3
739,0.8475024537546282,0.833171787745684,6
740,0.3190715407162318,0.11670318579782796,8
741,0.2899125628492286,0.5841087937454134,5
742,0.9640837162763893,0.48761474723489623,2
743,0.42243146906099166,0.6319644945124088,10
744,0.26310851386209116,0.813838773173557,1
745,0.4384312845569516,0.6279825894248166,10
746,0.8313930416355233,0.9859814522344218,6
747,0.25063414690789865,0.5645116052968243,4
748,0.5576857436666168,0.7721659361396617,7
749,0.2639306182751291,0.5862435356526596,5
750,0.2621941115108605,0.8365959344013048,1
751,0.3390694487826762,0.861694741469169,1
752,0.8857059523012156,0.921493724639285,6
753,0.2884573132656314,0.9183274430154176,1
754,0.38945602827531506,0.6448097702288929,10
755,0.28576454138924084,0.9622491584481946,1
756,0.14783023811948398,0.45796283310714964,4
757,0.2364997204904873,0.5291851791821979,5
758,0.19542019091311186,0.4190898043842155,4
759,0.840631415580076,0.9018804809674245,0
760,0.9177631687411825,0.43402466952816315,2
761,0.24968184404669552,0.5290142500560513,5
762,0.278603243426685,0.8772317020434046,1
763,0.07212083954236614,0.49595099835013623,4
764,0.1737162305088551,0.4823806265749944,4
765,0.24211302661266287,0.6360573991586924,3
766,0.5529149134598782,0.9228223840271228,7
767,0.8992712628602862,0.40654015824790735,2
768,0.2669289742095217,0.5867002712753054,3
769,0.943116330618263,0.47669624651384856,2
770,0.23220220242208256,0.6515188282184737,3
771,0.5104592699036559,0.12114426680615703,8
772,0.5585173347106703,0.8345923817572924,7
773,0.5422126718851017,0.13106300744388932,8
774,0.8985010065820129,0.9207841701118382,6
775,0.14928965935877025,0.5090394992618428,4
776,0.42282992713864975,0.1007500514794108,8
777,0.5016970608793591,0.15232931961655577,8
778,0.27380733928083717,0.3487668170455221,9
779,0.8357786266469507,0.8001699298237935,0
780,0.22736576786427226,0.33005656899063646,9
781,0.9153854606061856,0.4279410932834431,2
782,0.5346626025971158,0.10171525162910461,8
783,0.26439048990334296,0.5123639002131649,5
784,0.12737648155162584,0.5172767042551873,4
785,0.9648659392637734,0.4791648945813529,2
786,0.36300170245183067,0.8289836247374471,1
787,0.820018960654702,0.8258645173142243,6
788,0.2916737493874593,0.9102349713128303,1
789,0.22813215936240494,0.48311395129839485,4
790,0.645355811834106,0.8190066420353853,7
791,0.8380504094616311,0.833806938749255,0
792,0.2122816419151643,0.5493155244819853,4
793,0.8260109064676009,0.9446151460192534,6
794,0.32767157739707375,0.707180854176385,10
795,0.16235882719674877,0.5048731001798089,4
796,0.247741494920934,0.5521418120175643,3
797,0.2771159541659247,0.8925424796845922,1
798,0.49048607655849574,0.7784036406929662,7
799,0.3211982364891721,0.8584381782607957,1
800,0.8707210530842093,0.8529140257659953,6
801,0.32046988308006974,0.545101722879772,3
802,0.18799329643233303,0.5649097949098444,3
803,0.3893737487701995,0.6767947738741809,10
804,0.2433795873144075,0.5049480275938062,5
805,0.2531396560790397,0.5589638038590448,3
806,0.2578822125045507,0.5849621837084312,3
807,0.5483255543670338,0.8366043759691255,7
808,0.2876006296956576,0.32578562054441074,9
809,0.303425443178456,0.9143473538665512,1
810,0.2922163317406618,0.5629213464838534,5
811,0.899286456431466,0.8258236215685868,0
812,0.21253473326442995,0.5359840141016146,3
813,0.7798029924695942,0.9480277612053104,6
814,0.5209678229091584,0.10489614467018565,8
815,0.43160510624712106,0.6501645490670995,10
816,0.7729606290543635,0.8512363058254229,6
817,0.41755946173100544,0.7410058398245474,10
818,0.7983528518734033,0.842640585535922,6
819,0.8913115505724436,0.7561125068354198,0
820,0.20398961596866755,0.455719451968546,4
821,0.9147999784275861,0.8609287194795978,0
822,0.1971405535031625,0.535925574996887,4
823,0.813995170907075,0.8757196249327737,0
824,0.48789409928550803,0.07421688589047337,8
825,0.9999999999999999,0.3921421260518633,2
826,0.2770019119538703,0.5031100857911232,5
827,0.29137516425856796,0.8591420061061552,1
828,0.8526989233362948,0.8917993001341935,0
829,0.39507222547296716,0.7113900039427041,10
830,0.22969904709907646,0.46727032346321185,4
831,0.5464487150577921,0.8170110799595482,7
832,0.37192045030194043,0.6819178516874271,10
833,0.23920188941235176,0.8717301207138158,1
834,0.8599251598988578,0.94071157766873,6
835,0.4912970629888348,0.7857818644657534,7
836,0.8774599169046625,0.5549079408764764,2
837,0.21281270411450265,0.6102484671607906,3
838,0.8332099336075782,0.8717749059306712,6
839,0.22145954398789408,0.5643092573891949,3
840,0.8227201528928632,0.8795420099760801,6
841,0.5976584158659964,0.8319827127704649,7
842,0.3088196339733956,0.3286472896724224,9
843,0.2114674591758583,0.3603397712838248,9
844,0.8808527196009968,0.3705166809147742,2
845,0.32422230412398856,0.9030072525318731,1
846,0.8869676292252509,0.4377414588460374,2
847,0.20311223313771715,0.5107323437060509,4
848,0.219623163073499,0.5007242858361568,5
849,0.3050557387946825,0.8831496822050944,1
850,0.1487144586495081,0.4618080304493822,4
851,0.2924102412930187,0.37883478197621195,9
852,0.2571423479427068,0.4229897016396691,9
853,0.3400301462342662,0.8759111117009022,1
854,0.8110080653039722,0.7749039405175524,0
855,0.8155538228021855,0.8678564277163585,6
856,0.28000967427821105,0.821051961618801,1
857,0.26260053361101904,0.6332100944529035,3
858,0.9048104508791136,0.440525728683364,2
859,0.8410751380384174,0.7988033957502152,0
860,0.5589160322916906,0.8373501886979903,7
861,0.8798860469671346,0.44121550773314683,2
862,0.3118781267154958,0.37030122642003127,9
863,0.09525900939928111,0.5851146791597331,4
864,0.8999416315814055,0.8305000100399899,0
865,0.4432530960987076,0.6361682155423816,10
866,0.3479216375777642,0.6884566017346536,10
867,0.35548062918230694,0.7145202257720706,10
868,0.5509219834995045,0.0,8
869,0.3197530410109837,0.5896806992181617,5
870,0.7979553926173908,0.8556175758066267,0
871,0.9006414304060615,0.4085543302387975,2
872,0.2441723925544183,0.4734691106309011,3
873,0.2721352567426153,0.4145663647637218,9
874,0.8609451471914595,0.8474564099045636,0
875,0.9210875253201607,0.47541744471272424,2
876,0.8546405083436202,0.9100750306492599,6
877,0.27960570490272046,0.8344272162686558,1
878,0.14434081336736654,0.4637515336880646,4
879,0.3403058685752437,0.5871959389488517,3
880,0.19954496771963498,0.5626309549526236,3
881,0.2674722831469555,0.544876925247597,5
882,0.9076025694981075,0.7975939151520661,0
883,0.832839659596023,0.5064999216149217,2
884,0.3035674524950177,0.8399858344915213,1
885,0.24275374874036526,0.8446016047904161,1
886,0.34272975394029825,0.6018634513424906,10
887,0.2756136377930022,0.34925073288409536,9
888,0.8486293223174419,0.785308301016318,0
889,0.29809492883261646,0.5688007427683636,5
890,0.20829994525251022,0.533436548850978,4
891,0.8180079341631726,0.8959275886428755,6
892,0.32880073753912653,0.5477936818033763,5
893,0.30910271374952886,0.48932145077211725,3
894,0.3930450748198227,0.5544129518954383,10
895,0.36493921746121816,0.6923303147224454,10
896,0.2521748247194971,0.896492974827912,1
897,0.2429472650779988,0.5856297921240874,3
898,0.3649581804775398,0.6734191778894524,10
899,0.2695219542895652,0.8275365073259786,1
900,0.14329895154254801,0.47102972196619364,4
901,0.27080122920637173,0.5342057302989883,5
902,0.21516117606799245,0.5425556146663834,3
903,0.5274427215710992,0.787492811586791,7
904,0.28000402871702795,0.42702392549352003,9
905,0.9319602689233539,0.43011132623721515,2
906,0.28825217964067085,0.5224633877443103,4
907,0.45938276271453093,0.1869828625020476,8
908,0.4477583349360783,0.1454218985427519,8
909,0.8619065133376281,0.8788258382343126,0
910,0.972863856846546,0.4552486030661866,2
911,0.2934451492673396,0.5187804468733487,5
912,0.8366556530332037,0.8218669169606918,6
913,0.5173838505232052,0.8188262613861645,7
914,0.9018949609291484,0.4073882151025261,2
915,0.2799639496290992,0.9124817544311463,1
916,0.8249458583962728,0.8939076046483052,6
917,0.22541372227359552,0.5430624125060023,3
918,0.8259417474697277,0.8111627586068171,6
919,0.2696462189487377,0.5405515556173622,5
920,0.4554854470593341,0.13994029785041318,8
921,0.4006493434655664,0.11656372440693408,8
922,0.3617279435214188,0.6534905152128807,10
923,0.32497458646714195,0.6186778328104844,10
924,0.5789544704953506,0.827276597178159,7
925,0.4766380896286757,0.07054487413951849,8
926,0.2717502962658816,0.5723148045901738,5
927,0.8258586042782363,0.9126713596479508,0
928,0.5266828096859916,0.10186220794788331,8
929,0.4947622645743245,0.047178195018730384,8
930,0.2966843072083502,0.4308998013711369,9
931,0.29098229548090354,0.5107876478805502,5
932,0.29285862770501003,0.4912372974700323,3
933,0.22871670963618523,0.7974626929450557,1
934,0.8399004113677531,0.9096025831175545,6
935,0.33963910311046397,0.5076959814643708,5
936,0.9117934159004424,0.3877753558511362,2
937,0.352446522016323,0.5885697475539845,10
938,0.8292536090586438,0.4509096950926395,2
939,0.8659335865667066,0.915390349166574,6
940,0.20231145879542645,0.3665707622649333,9
941,0.918730705459075,0.40957639527470524,2
942,0.3905574909103092,0.6256011155968482,10
943,0.9065012283133835,0.8825313155147104,6
944,0.47803680211258404,0.09275822060004141,8
945,0.5093240817837038,0.8467670158336312,7
946,0.5504862752678346,0.8150412766943191,7
947,0.8564211908027224,0.4322450528373268,2
948,0.8934135471937721,0.8891103138124448,6
949,0.31547187812159416,0.5458983242554923,3
950,0.2746775782678684,0.8720306637674746,1
951,0.29011242098262985,0.5414670608124792,3
952,0.21644524405049603,0.5369367849127522,3
953,0.3739109662635211,0.8371715516679963,1
954,0.3274836212975397,0.8746069663847402,1
955,0.9238707773846858,0.3885692693753815,2
956,0.4655270477413245,0.7644612564223072,10
957,0.37746089274320305,0.8688220627275536,1
958,0.21646852245720377,0.5597846502940564,5
959,0.18675002432818583,0.37117063098161834,9
960,0.2675808028129595,0.5757777132974148,5
961,0.3432493943458206,0.3745082496710196,9
962,0.2657860125088692,0.4079041619023799,9
963,0.1915216258874115,0.5539668934992383,4
964,0.904523496046835,0.4363728061434577,2
965,0.8547844085896785,0.9001411285493341,6
966,0.59697450466665,0.8184823626826632,7
967,0.38405714312072176,0.6856596862276345,10
968,0.4959997924340897,0.15675722977360906,8
969,0.30399921921577183,0.5724846314571046,3
970,0.28874561240845065,0.4426213750875052,9
971,0.23435434748696904,0.48022073511917457,4
972,0.8502161161305013,0.4523337254655508,2
973,0.27513251760952745,0.5177501373967885,5
974,0.23214065462626005,0.5052247234185923,5
975,0.8540895953463733,0.9189301616942889,6
976,0.8087545794741413,0.8643647772339325,6
977,0.8446955439233101,0.8249918426248374,6
978,0.31517676674469697,0.5676140424365488,5
979,0.09272557391367836,0.5090875829448375,4
980,0.508440635801288,0.8923871986533762,7
981,0.48873467328240877,0.11433076971777828,8
982,0.12248868725140938,0.49306388097176207,4
983,0.8187016842161132,0.854723337026192,0
984,0.2669598707164324,0.618209223006155,3
985,0.3589017246024132,0.6358014687210033,10
986,0.20469572714667533,0.6009384251607933,3
987,0.8922636222115193,0.43350899438889856,2
988,0.830734775787743,0.919159899791675,6
989,0.2698750877084884,0.3767780895689744,9
990,0.2020767057512352,0.4960511648485879,9
991,0.5035612619277848,0.11258177695899352,8
992,0.43960018740482815,0.5751319472423728,10
993,0.36930682850935914,0.6532756568080458,10
994,0.8745605486774447,0.8483943305544023,0
995,0.5029476563500156,0.12191586759227979,8
996,0.4415647706608221,0.06842276606247744,8
997,0.24277856365478756,0.8153760814808404,1
998,0.5317071989814813,0.883998966155713,7
999,0.21505836401034284,0.6121694468367804,3
1000,0.27840275199664377,0.8632163519457781,1
1001,0.8348346374090825,0.806631176538716,6
1002,0.4729639378031169,0.07059338432575385,8
1003,0.2939957725904281,0.4196683405696838,9
1004,0.8970501541092757,0.4250770984121608,2
1005,0.32185680415230045,0.9220244036942553,1
1006,0.8431046944192757,0.8476167557970147,0
1007,0.23131971685482045,0.40871733078939043,9
1008,0.28445831351310985,0.600968685649781,5
1009,0.25281286799780983,0.8123288703087851,1
1010,0.8297228538287509,0.9532476319389735,6
1011,0.24963694486203625,0.5913356253699253,5
1012,0.279416392932078,0.5539795389867783,3
1013,0.28243033128984735,0.5496009228594808,5
1014,0.3219685536568868,0.5590894802290411,5
1015,0.609166798256952,0.8279832312658606,7
1016,0.8190363854594357,0.815917579610349,6
1017,0.7600963291277443,0.9997016152188263,6
1018,0.9157322930810693,0.8230263515503438,0
1019,0.8199703944019432,0.8334331800646231,6
1020,0.8598264247995495,0.817016484034417,0
1021,0.41286888582457304,0.6911883659071871,10
1022,0.8922873740106534,0.3875809683374571,2
1023,0.9354407854993447,0.4410919344062979,2
1024,0.8149262720558053,0.9260424951941529,6
1025,0.3103335356422979,0.580895631293122,5
1026,0.27123213320174705,0.5694669406769188,3
1027,0.4360917408649897,0.194461828101945,8
1028,0.8478032216262297,0.849234330482874,0
1029,0.2500615288243137,0.522219415074619,5
1030,0.8975111513426539,0.40836761345829997,2
1031,0.8453013725843578,0.8690664856227641,0
1032,0.8143528777347757,0.8790940871119362,6
1033,0.3084264318389693,0.908007362833724,1
1034,0.861888858709099,0.45762039136339056,2
1035,0.34748213052640736,0.8480527145748382,1
1036,0.8284711280400929,0.8500043650918863,0
1037,0.28431381020748814,0.8968054590048519,1
1038,0.3702809851058424,0.8922898567597825,1
1039,0.7654526704145724,0.8376574305340347,0
1040,0.22523320914228584,0.3012208845711546,9
1041,0.9253947334419668,0.4759492689021546,2
1042,0.378509216867737,0.5101295749065333,5
1043,0.5079100589098456,0.8288155668768256,7
1044,0.27365429079609854,0.3487292260905896,9
1045,0.8975187547741749,0.4114635323066073,2
1046,0.21110502660901942,0.5007861792364886,4
1047,0.3971316623217872,0.0653307353428873,8
1048,0.2797854790497316,0.8252631581759882,1
1049,0.3151503521318811,0.9120438861034899,1
1050,0.7974476785984332,0.8451863488601976,0
1051,0.3902794259334209,0.6205123078645993,10
1052,0.10456793005945392,0.5360738382384492,4
1053,0.5733917669460155,0.8449678628301818,7
1054,0.8723239956340529,0.43908876262771657,2
1055,0.21187106934792,0.5958115847721521,3
1056,0.1304053669142357,0.4843719505417323,4
1057,0.5871037570052666,0.8068657266493766,7
1058,0.37852339957978454,0.6400510519445357,10
1059,0.8181111974650974,0.8419261371782413,6
1060,0.20656915914266677,0.5142946927607865,4
1061,0.15579993911285217,0.5089799860165014,4
1062,0.8438483184063457,0.8796699936948055,6
1063,0.24818069392999192,0.5351183963935741,5
1064,0.3591474470644112,0.6231702048777209,10
1065,0.1795567820062729,0.5446983967671467,4
1066,0.8216131035997957,0.8606763429874109,6
1067,0.2615985611491269,0.513000818022394,5
1068,0.3126199451884007,0.8062184078819659,1
1069,0.8207701711075615,0.919234499798388,6
1070,0.8666675246389569,0.9132175780416545,6
1071,0.2748879328014845,0.34048096745159295,9
1072,0.3099688357431091,0.4847447622221875,5
1073,0.8285671723180801,0.8160045396280268,0
1074,0.28762151696879806,0.3855626756243406,9
1075,0.18596487553263286,0.4825010095070088,4
1076,0.20192453967870894,0.37089407869748864,9
1077,0.8737741255657228,0.41185879619881277,2
1078,0.30002762554813167,0.8476230652317476,1
1079,0.2327753109259409,0.38019539542982383,9
1080,0.3293823173877926,0.8757265965286021,1
1081,0.21704487354748053,0.4534703631827093,9
1082,0.8654195584827535,0.8571005845469493,6
1083,0.21489195925891064,0.48376674406417175,4
1084,0.8533159522170513,0.8217978091527975,0
1085,0.41691003182394826,0.659650422919043,10
1086,0.27186607881226177,0.5278596801834049,3
1087,0.2441335797195855,0.3348840211679506,9
1088,0.5162648060173224,0.08077026028212886,8
1089,0.7170702274279516,0.8344436300448596,6
1090,0.42158035118474524,0.11680350815214324,8
1091,0.2246938347364198,0.6106873374310747,3
1092,0.9365589041732738,0.45350314069626707,2
1093,0.251073392501433,0.3697662861059057,9
1094,0.20466385542938892,0.5324547925017058,4
1095,0.9805504970344783,0.37759079233322723,2
1096,0.7649151046471083,0.4643129575200737,2
1097,0.3117127693631643,0.8644333562686675,1
1098,0.2924412665173957,0.5732073299206197,5
1099,0.39413708696616806,0.5675562503073346,10
1100,0.8363799282395654,0.8244600098163437,0
1101,0.2847361265627113,0.3979582550910762,9
1102,0.8502506135829011,0.8674505680987483,6
1103,0.8210503545006482,0.8101531953356444,0
1104,0.4113419902464098,0.12591600177598827,8
1105,0.21920230451676787,0.42795690281016263,9
1106,0.29135070493543175,0.6318773888495554,3
1107,0.4237035285292302,0.07059779598276739,8
1108,0.2360182613425717,0.5258878089965799,5
1109,0.8461862369269975,0.8809705171504889,6
1110,0.25526548848847896,0.3659672424815868,9
1111,0.2616042652141837,0.8796551469601428,1
1112,0.24301565634867,0.5141935776239149,5
1113,0.8083181559264775,0.788363006237855,6
1114,0.44561782142493145,0.0975320348285379,8
1115,0.8183636676058049,0.8774952847119056,6
1116,0.2713598021713287,0.5055687014351717,5
1117,0.9591978995895458,0.478253815051542,2
1118,0.49414408099691653,0.8483871384831956,7
1119,0.2395534992483968,0.38051197887204485,9
1120,0.1658329364580648,0.4170846823229313,4
1121,0.33887536431385534,0.5682137026102754,3
1122,0.8789777263547203,0.8603398502286028,6
1123,0.4909642929068944,0.13520685270685867,8
1124,0.20341770539628073,0.5165018877655145,4
1125,0.29824598239555783,0.5531458451929443,3
1126,0.4446142105675023,0.10581061759513871,8
1127,0.2755305753162223,0.8907641118867131,1
1128,0.8271605522322703,0.8422222642072796,0
1129,0.21554499549018458,0.513392200030926,5
1130,0.48321022691964816,0.7853593570537181,7
1131,0.1775571075859087,0.521757129041382,4
1132,0.5227725294596108,0.8970724299326218,7
1133,0.29243897576475275,0.3122226503475213,9
1134,0.32954196521662127,0.7108549772868559,10
1135,0.26629802715234263,0.3858256641352904,9
1136,0.19351399050669388,0.33396519164758176,9
1137,0.40284689886557773,0.6921087968771367,10
1138,0.3706038440052795,0.5322608122919013,5
1139,0.273861276904595,0.5331614646393924,5
1140,0.19762150132164663,0.48407261350009184,4
1141,0.9589179790241197,0.37631810282120726,2
1142,0.23910246496331083,0.8542667631400669,1
1143,0.3634092310519422,0.685592671812698,10
1144,0.17672671151137292,0.5644179598959961,4
1145,0.3469757788526979,0.8977984496300113,1
1146,0.25132752061367775,0.40742190947787754,9
1147,0.19433329425777413,0.5074613793381787,4
1148,0.37111916483056584,0.7430162286988349,10
1149,0.858607035866001,0.910905314761757,6
1150,0.8531202360741332,0.8426099920510577,0
1151,0.13581761740482118,0.48083195046883326,4
1152,0.49182742278539915,0.7474358505901689,7
1153,0.5493300883145058,0.7645997869029988,7
1154,0.2726765264400384,0.6098463464206046,5
1155,0.38140335880518494,0.6543281421073714,10
1156,0.8728958642091573,0.9456007336061794,6
1157,0.8517914544448553,0.860316063375389,6
1158,0.45812585710112597,0.09407175501736809,8
1159,0.3715474255634579,0.522206144063914,3
1160,0.29981893865689063,0.47235483935377526,9
1161,0.326502072850394,0.6453448126808176,10
1162,0.3843538850732562,0.688123414407559,10
1163,0.540465659359957,0.8214634919144936,7
1164,0.300304925194006,0.8473970175517114,1
1165,0.9556621134288983,0.4374027425238025,2
1166,0.35313588407384394,0.8500420862953987,1
1167,0.2593298532622327,0.9318154025210114,1
1168,0.8524524247544137,0.8996375145151196,6
1169,0.797312838180317,0.8654057312536656,6
1170,0.2428994000726321,0.3650129133535305,9
1171,0.3264747414717597,0.5411618095530885,5
1172,0.2664400694048566,0.6312963318942693,5
1173,0.9008677517777137,0.47023180813222826,2
1174,0.5167378881193204,0.14170199240004577,8
1175,0.10510676267042746,0.5417598850897847,4
1176,0.42603055362661374,0.711842437014636,10
1177,0.13614754151665165,0.4951380053063943,4
1178,0.5076110561392196,0.7777083445500282,7
1179,0.5179994510924211,0.06560089425524224,8
1180,0.2728499880483108,0.5056125167314766,5
1181,0.7931790157009955,0.8962330803967378,6
1182,0.5102588032219836,0.06484901688765543,8
1183,0.25251847525538684,0.44078105595731315,9
1184,0.29301872848105587,0.36383734991851413,9
1185,0.7621217262768897,0.9046753180231093,6
1186,0.4449389767437782,0.6760586879911437,10
1187,0.16811083609461563,0.6205360726259632,4
1188,0.2741947366339125,0.5572299653322909,3
1189,0.583345725012312,0.8073940989425985,7
1190,0.8489554924558776,0.9378973949178425,6
1191,0.2536919893738473,0.40895134059465177,9
1192,0.8620330144896802,1.0,6
1193,0.4716015072379404,0.6784300125540408,10
1194,0.8093593872496218,0.9181002478112481,6
1195,0.82069781194439,0.8185678477382626,0
1196,0.5970056359627404,0.8286784507769609,7
1197,0.31180648094987884,0.47692973018732643,3
1198,0.46016805510334463,0.7644797223977745,7
1199,0.2608876754007669,0.543179110384122,4
1200,0.8025657719959364,0.7967029783417988,0
1201,0.33455555499236744,0.581466391778034,3
1202,0.29876404932634093,0.5903606167376715,3
1203,0.835544643184483,0.8850280547088948,6
1204,0.23706079755548853,0.5493979095326609,5
1205,0.39636377555152824,0.6744811087259495,10
1206,0.8344630058262847,0.8175379392946129,0
1207,0.4821026789663138,0.08470476581907588,8
1208,0.4681330142669221,0.862634800166026,7
1209,0.17670601093069682,0.4990279624652798,4
1210,0.5340652407191616,0.8259970391039265,7
1211,0.32533804464235544,0.4224442848587575,9
1212,0.8349462165671278,0.9156871819560659,6
1213,0.8755920936414164,0.8464356686959396,0
1214,0.1740038470412555,0.46690808756702484,4
1215,0.2092479976775617,0.4598930737262278,4
1216,0.925750569213642,0.4118714477261165,2
1217,0.8338671190102497,0.8799097087980312,0
1218,0.3745404724716869,0.8169954282433902,1
1219,0.21052072565584412,0.4212278702451777,9
1220,0.22823697922017305,0.3827516219818136,9
1221,0.21229452725179554,0.5762331490472881,3
1222,0.6122068111951606,0.8183650900988994,7
1223,0.8762517264653464,0.8581923881556186,0
1224,0.2905600010877747,0.595618682551954,5
1225,0.24641728997115153,0.36763514886701093,9
1226,0.88600961793846,0.8701649967214867,0
1227,0.5351363403819014,0.03292026499229611,8
1228,0.3818685924471755,0.7235545217999414,10
1229,0.8978175094748816,0.8048234063867449,0
1230,0.8602447973588399,0.48413355495336485,2
1231,0.32157009756857413,0.6525025321187069,10
1232,0.5846181789486415,0.7834116090869256,7
1233,0.21155537493409526,0.5083244399531587,4
1234,0.3686676975898092,0.6948112626817557,10
1235,0.2090960608953914,0.8568643042828049,1
1236,0.5028967990155698,0.9189001549683244,7
1237,0.40531614865080673,0.1016416334223535,8
1238,0.881915500233234,0.8137507128488224,0
1239,0.33584812856723856,0.358169478581269,9
1240,0.2579302378063085,0.5433495273750183,3
1241,0.7725354285544543,0.8746292912068204,6
1242,0.10877852490907636,0.4769154174671308,4
1243,0.1657346268177073,0.48173671843160354,4
1244,0.8341121514473628,0.8415760029237767,6
1245,0.3649737672463158,0.8984592480776753,1
1246,0.2810502970567651,0.49393104027693363,3
1247,0.5361687386322844,0.8131752899755293,7
1248,0.4487757097647932,0.6791523037956102,10
1249,0.3340913114136509,0.6372509944410846,3
1250,0.8851429387410032,0.5498165315786795,2
1251,0.23434628547899794,0.6148712351508916,3
1252,0.35405042193002556,0.4640523616288012,5
1253,0.45154207238189853,0.5961893704295375,10
1254,0.18940768087713922,0.4595795995646523,4
1255,0.8384263135313468,0.8145605088591478,6
1256,0.21936470859708956,0.5795589911560316,3
1257,0.3423179016297908,0.6096597638153523,3
1258,0.33167179441208683,0.5062236755433026,3
1259,0.8219829080222243,0.9084805855934153,6
1260,0.8087303942396992,0.9077722506540067,6
1261,0.8478652322034974,0.9184146996509983,6
1262,0.9367598641152217,0.39903827977699624,2
1263,0.3274558695412564,0.843734200149649,1
1264,0.8232901441477388,0.9184298624397276,6
1265,0.38259610520373977,0.6341654245815479,10
1266,0.3916073852792622,0.6185254680649108,10
1267,0.25561830472792274,0.39976402028198244,9
1268,0.8691620654981891,0.8483925704901008,0
1269,0.33317175991847003,0.805401616807482,1
1270,0.5993106056340772,0.8553630547819151,7
1271,0.21408231998033955,0.624276243945694,5
1272,0.25741104211910387,0.8463462704841074,1
1273,0.44775866119791835,0.7494646993187188,10
1274,0.40873306863058834,0.15178812617220377,8
1275,0.8351264004018122,0.909637196175004,6
1276,0.3932105084507186,0.661243232089374,10
1277,0.13638402833564156,0.5357617077556437,4
1278,0.12377445202202514,0.4918726455266204,4
1279,0.2264295704247104,0.5028998938296669,4
1280,0.45267613896323405,0.13047228835193225,8
1281,0.2775020634707504,0.5706140226293571,5
1282,0.8733473252873752,0.8777894659539949,6
1283,0.4260540391849921,0.6291308228281802,10
1284,0.44365299259943136,0.7668151701833961,7
1285,0.9408618962977048,0.4399827519542967,2
1286,0.22697041740331309,0.44132727126965077,9
1287,0.8861134327327984,0.465151856060686,2
1288,0.41148968323579577,0.6120363009003431,10
1289,0.28569813978149483,0.8853891529556588,1
1290,0.36289034987567625,0.32769800685163686,9
1291,0.5069251988988389,0.13342213561464406,8
1292,0.3662223393372306,0.9224627694802259,1
1293,0.27533540797621686,0.5263115609085354,3
1294,0.841814991125188,0.5281440019785468,2
1295,0.9576212725854987,0.8363692528422906,6
1296,0.5629944846269671,0.8184307561527169,7
1297,0.406633360382611,0.6135949811555834,10
1298,0.3088368112231235,0.3479531741891014,9
1299,0.2975703501120109,0.877497433761052,1
1300,0.8305380844122281,0.8945769726399873,6
1301,0.31697899014476105,0.8188939420726588,1
1302,0.29546850991531104,0.8894833111934528,1
1303,0.2386319652746562,0.5475735109418692,5
1304,0.392961635438265,0.6163621962760428,10
1305,0.27015016792565916,0.28658411955201624,9
1306,0.9153962299423408,0.4597115553423934,2
1307,0.5213997801012757,0.1134931270469483,8
1308,0.8730170130672887,0.4077592325809194,2
1309,0.24011096668625964,0.9007295106292602,1
1310,0.48511611934051196,0.7982449418202453,7
1311,0.9671030370921836,0.4396160778534918,2
1312,0.9044497335054004,0.4239390353815432,2
1313,0.21982218247280938,0.5656984337110322,3
1314,0.8020140168702925,0.4607345573851962,2
1315,0.8599531734638397,0.5178549984883868,2
1316,0.8704877883979821,0.8154943571650675,0
1317,0.31900939172625065,0.5358329141253517,5
1318,0.2973638246596781,0.5707211123952538,3
1319,0.28076310976113383,0.891733559898046,1
1320,0.56464097046141,0.756419511378934,7
1321,0.2491500131099018,0.48571905741515653,5
1322,0.30335583399428756,0.583749765235985,5
1323,0.3549881540371297,0.6021897701689445,5
1324,0.4396778420987584,0.0960221853763446,8
1325,0.32848198832011416,0.5441783561869382,5
1326,0.34869545727512413,0.6993255274299486,10
1327,0.33548967522486794,0.6390074301233853,10
1328,0.9146148624258971,0.8223006110405731,0
1329,0.8407232559244693,0.44808769629984985,2
1330,0.2599611995710938,0.5833222650704061,3
1331,0.42695606374049677,0.022825498319410664,8
1332,0.22643458006673167,0.39685852844841907,9
1333,0.8657116362379801,0.42239666863754055,2
1334,0.32220118492334965,0.8663300932582196,1
1335,0.5912711973999607,0.7373526508126926,7
1336,0.7654114621334636,0.8651900082948933,0
1337,0.1673462025244839,0.535757270422003,4
1338,0.1264433734741376,0.6011842399120457,4
1339,0.43353171967847026,0.08760835830796121,8
1340,0.33521428303504686,0.5699658639222054,5
1341,0.22873232608395722,0.5034530019427264,3
1342,0.8577415500183914,0.9374322001487803,0
1343,0.8763638356396825,0.43199760914984553,2
1344,0.8505075711251039,0.7920662751868666,0
1345,0.2051311921678211,0.4104853814558469,9
1346,0.2367630208751152,0.4099048988363362,9
1347,0.270299174856039,0.5545681310075995,5
1348,0.3299605410929475,0.5680903291087895,5
1349,0.2768954257967061,0.5996702038800398,5
1350,0.5226719346731001,0.048597927850556166,8
1351,0.7992731025989955,0.8734699063898455,0
1352,0.2944586733065694,0.6113512426212812,5
1353,0.42444896890611805,0.6626805729676696,10
1354,0.9110787205563579,0.42303239295670697,2
1355,0.22585057837617584,0.387256196784754,9
1356,0.2658035341667129,0.820421751403529,1
1357,0.3431354388712946,0.4027230328531308,9
1358,0.8236814482176866,0.9170609536236145,6
1359,0.20192636911439865,0.495025497188366,4
1360,0.3064906937235743,0.856322871738078,1
1361,0.18142216242769615,0.37013271326068786,9
1362,0.28351841680665335,0.3638630833184048,9
1363,0.44744327050927524,0.10655415393129025,8
1364,0.15375092561063086,0.4737761278691638,4
1365,0.5620716845635148,0.7953309446110032,7
1366,0.25974999411813265,0.4471472328876278,9
1367,0.8714205666983954,0.8844249976972525,6
1368,0.4323023927701959,0.6841149381869661,10
1369,0.2864888712454872,0.8755521121084,1
1370,0.4790156456522574,0.11210979383406144,8
1371,0.2232326161126582,0.5751161739226033,3
1372,0.20431572302108858,0.4823332226496801,4
1373,0.4815142306796185,0.09030686760683143,8
1374,0.8657989759097813,0.48593667281890773,2
1375,0.3128334108079778,0.8768899208155174,1
1376,0.8677536054478981,0.4386150897255973,2
1377,0.8707399965173228,0.38273788621543325,2
1378,0.2533480283031208,0.40858881645802714,9
1379,0.523127912775331,0.055834309070826815,8
1380,0.16098325751525966,0.47128656249049794,4
1381,0.24008719123586486,0.5443041110465195,3
1382,0.2647396129594483,0.8377201085041479,1
1383,0.9015344607196927,0.4703197998220943,2
1384,0.23528053522620795,0.5404416611882613,3
1385,0.5231544392648345,0.8706840799107856,7
1386,0.30953773227758036,0.8999951299207759,1
1387,0.8351316979377919,0.9127808432135052,0
1388,0.7733191889830304,0.7656890973617956,0
1389,0.8466341021670006,0.8484204416664778,0
1390,0.8921566451610771,0.4541754496737856,2
1391,0.2775367795311033,0.8254645294378274,1
1392,0.2774477364464077,0.5892046241873429,3
1393,0.16170677027963326,0.40573597361789315,4
1394,0.17198000292135734,0.521934611398075,4
1395,0.4124167146499772,0.41842740014276714,9
1396,0.4853310932102533,0.12771313447746585,8
1397,0.8891959895844769,0.8525623222770776,0
1398,0.23564291207089405,0.3498658629068705,9
1399,0.8651392278626826,0.8293631320729946,0
1400,0.46593989734250874,0.07897447844484257,8
1401,0.8709781746803036,0.43460667423352906,2
1402,0.9181420708968655,0.9049417100881383,6
1403,0.7936993538402578,0.8242707121908982,0
1404,0.534632300313779,0.8256723354292448,7
1405,0.9162596796079975,0.4205447075475272,2
1406,0.25867224901894453,0.5505486214716453,5
1407,0.5671151064635488,0.8614437999703953,7
1408,0.5328199192235765,0.8645152048279311,7
1409,0.8296366958375625,0.7478581780794842,0
1410,0.4783567788752334,0.04424340065152094,8
1411,0.4159850531036737,0.8651739458658193,1
1412,0.8997865323592817,0.8966372571208927,0
1413,0.33293489033601453,0.60016775729801,3
1414,0.2417423459497403,0.5905540256110509,5
1415,0.5444040944648286,0.19481418821097546,8
1416,0.9409779785897009,0.4689481270598969,2
1417,0.16562393234656397,0.6039696623407514,3
1418,0.8779129368410588,0.8508323722461177,6
1419,0.8636086335229947,0.9192925213233787,6
1420,0.9628009265531172,0.4953914351613239,2
1421,0.834384174560303,0.444700537888433,2
1422,0.3961163180039203,0.6981394810987154,10
1423,0.8321460821467409,0.8370186111724882,6
1424,0.2780631155564383,0.532288805990152,5
1425,0.44506484649259437,0.747435106823132,10
1426,0.8835460001163502,0.88101867322511,6
1427,0.7856751943816922,0.8222409352956364,0
1428,0.5834194029940335,0.7646152554254921,7
1429,0.2746157209535461,0.5308535541250923,5
1430,0.8861965503905227,0.8671112769837881,6
1431,0.37583449658925505,0.9146845010025169,1
1432,0.8845223817581412,0.4441521214322152,2
1433,0.3008057879444285,0.5156019440028586,5
1434,0.2052476174054677,0.5717315053521639,3
1435,0.5228924053235932,0.8405330310066896,7
1436,0.5234240929772149,0.8319269117939189,7
1437,0.3128653354653439,0.8233849564932428,1
1438,0.38555056342060434,0.5407870527165509,5
1439,0.35530722564292755,0.34669821511948584,9
1440,0.8570546222022176,0.8285123896298399,0
1441,0.2896401798878822,0.8239942236537636,1
1442,0.4119722452022859,0.6621260662830493,10
1443,0.3146800444587029,0.8455762783628341,1
1444,0.24909431112386116,0.6187242358627427,3
1445,0.4108925032882068,0.15941864818341211,8
1446,0.37685483551845506,0.7102612288833206,10
1447,0.17124775929834218,0.5358201275604108,4
1448,0.8533599148654754,0.9383335220499129,6
1449,0.23564535543735599,0.5472415996223737,4
1450,0.2946669991358107,0.5627782649142293,3
1451,0.43864060267267985,0.0780772825173468,8
1452,0.27173118568796445,0.393645967545796,9
1453,0.20553147520433124,0.479372325334847,4
1454,0.5496557206699552,0.8692416329966204,7
1455,0.7953498734214688,0.8150023317693416,0
1456,0.24812112355692445,0.3997116335445251,9
1457,0.3925352674464945,0.38020100712256866,9
1458,0.3236454036893157,0.5578682895256633,5
1459,0.5403322455900541,0.1232838442659665,8
1460,0.5675403665739703,0.7981068853199234,7
1461,0.4274448309212672,0.6908277866857104,10
1462,0.19055506112188936,0.5856784245755315,4
1463,0.9456519078187804,0.4729017137369218,2
1464,0.2593244881630057,0.39898090155388966,9
1465,0.18531164704384684,0.5319379046855109,4
1466,0.5092379887965036,0.8408700721479037,7
1467,0.5200990427652749,0.1377597377911659,8
1468,0.12198775575240078,0.4849127897427563,4
1469,0.15259594010910343,0.5260374541381639,4
1470,0.8542504991659572,0.4651217265112765,2
1471,0.25198469129343115,0.9315604891282188,1
1472,0.2616083039436037,0.9119376755204806,1
1473,0.3988823875389073,0.6167044839906722,10
1474,0.4505662927827777,0.16623378887525764,8
1475,0.2504672362221775,0.8943361776868797,1
1476,0.40768385121874817,0.6442395635321234,10
1477,0.27784096752163995,0.5551808798915949,5
1478,0.8268959241247045,0.839957388912383,0
1479,0.46888445397379236,0.7651178239863043,7
1480,0.27700248053851056,0.574004921756189,5
1481,0.268422414473663,0.9015773645893073,1
1482,0.38304063282140766,0.6993675553213232,10
1483,0.555960520946583,0.8414096249547285,7
1484,0.31110778218697044,0.41458241938583074,9
1485,0.4327256598718604,0.17765951141394637,8
1486,0.18826052067544086,0.5270224611545177,4
1487,0.22955600567201617,0.5509362556048101,3
1488,0.8443106734857184,0.8530013480736919,6
1489,0.7894859953297029,0.8106496800415786,0
1490,0.16030504826322972,0.48189424217164095,4
1491,0.87425247131877,0.8835669615895734,0
1492,0.22190442708842156,0.3727130681137779,9
1493,0.8781741955517124,0.8796296417806084,6
1494,0.32153902487144975,0.4994551797752743,5
1495,0.8597341033611403,0.8193467288417657,0
1496,0.7461257477088691,0.8505767259962433,0
1497,0.27590045220767406,0.6765626355001467,5
1498,0.8948277110197387,0.43880615588734145,2
1499,0.3198977915930319,0.5303916350564094,5
1500,0.23242397914269686,0.5253834702469818,4
1501,0.898866487592995,0.8610090401923036,0
1502,0.863746167262678,0.8704128534961243,0
1503,0.2551792901507297,0.4970994323532163,5
1504,0.5487195467643651,0.7267675007601815,7
1505,0.8289176621025686,0.8671768949569518,6
1506,0.5399807339427916,0.7908249872472273,7
1507,0.2836386227085722,0.42190349071511496,9
1508,0.5175126760474524,0.8326143268660738,7
1509,0.3922087019606484,0.7414922543473645,10
1510,0.26453182291240596,0.8470192138321797,1
1511,0.2796420273958179,0.45800910098051745,9
1512,0.5484791156692979,0.8138745064008802,7
1513,0.23472490812452057,0.6247738101677814,3
1514,0.8736495979620473,0.8386174153339925,0
1515,0.2543752946360429,0.5211071208361129,5
1516,0.424966765407089,0.698359333718471,10
1517,0.2413256710893903,0.5194349680794575,4
1518,0.8365019699562468,0.894387361608763,6
1519,0.885792282667727,0.9104277811192731,6
1520,0.5444258492880414,0.8233566216903458,7
1521,0.9211952559356013,0.848621402926953,0
1522,0.2965833363025445,0.8106790216455566,1
1523,0.4620303847935194,0.18493935104457077,8
1524,0.48954861497164875,0.07114329026674215,8
1525,0.9359257701249717,0.4323162633624172,2
1526,0.262630148467156,0.6144418458813987,3
1527,0.19363772024240922,0.5075143899295443,4
1528,0.2933579864508091,0.9316762968334894,1
1529,0.8978572707694725,0.8545412777458088,0
1530,0.8565569665379427,0.861898758018304,6
1531,0.23889359732131643,0.5822171833706778,3
1532,0.3706381250415026,0.7030035265890554,10
1533,0.9272758427914085,0.41861055201862113,2
1534,0.2600452759504849,0.6376832219719404,10
1535,0.2556476675298854,0.5059729104337374,5
1536,0.28921597645449904,0.8747768903601133,1
1537,0.16752427937091247,0.47502165975872884,4
1538,0.803448665308882,0.8377343535452706,6
1539,0.32246745996746246,0.4953300364120007,5
1540,0.18522311237755612,0.5869243536129782,4
1541,0.8418954077909313,0.8698348413132779,0
1542,0.8364152484608272,0.4163495313900552,2
1543,0.17660498311145917,0.5421275493954588,5
1544,0.5334354213535656,0.0979704814372988,8
1545,0.793785686770861,0.4141306730695208,2
1546,0.8064598490470583,0.8375881855400176,0
1547,0.2995395191100769,0.444506471488065,9
1548,0.16980084682334612,0.5176187513958815,5
1549,0.21877724373991297,0.7726115749541385,1
1550,0.2692282992390855,0.5255445268969233,5
1551,0.32110452691067826,0.41463247146816756,9
1552,0.48484985038584794,0.07717017743426119,8
1553,0.5765671939394543,0.8175434155726697,7
1554,0.37169303163623124,0.6632509439292172,10
1555,0.8513092573317229,0.8797060893538653,0
1556,0.3242322404550738,0.8715599656131705,1
1557,0.8892324222683985,0.45476090086766635,2
1558,0.8474187527199648,0.8019863867911939,0
1559,0.7938167537828975,0.8393501315757934,0
1560,0.16044567556103367,0.46035371110158246,4
1561,0.3105235053540957,0.38210867961314904,9
1562,0.2948869540963582,0.9050536940559927,1
1563,0.3101847438105373,0.40668401648284397,9
1564,0.4392544163007744,0.11153824490322795,8
1565,0.8901896450812682,0.5107270684974407,2
1566,0.23018020253783428,0.49267709805679066,4
1567,0.3110512270863934,0.3907601456091438,9
1568,0.7896267214584473,0.8337542013523505,0
1569,0.8191919156444742,0.8991576960901346,6
1570,0.41477545934134996,0.601669077338254,10
1571,0.5584373687182693,0.8759203274686964,7
1572,0.2666136412442796,0.9210578755828005,1
1573,0.33186925061345496,0.4539428084205508,9
1574,0.4853925291088307,0.1341735605434839,8
1575,0.4318720373552113,0.6156822102201907,10
1576,0.2668192919944726,0.8956796147057171,1
1577,0.20904901355815608,0.5909138929695531,3
1578,0.7682757139142525,0.8701027631515887,6
1579,0.2931649206094978,0.580595531067244,5
1580,0.2590827133492333,0.573806712205702,3
1581,0.7977171056043403,0.9160897951018654,6
1582,0.8003698379422537,0.9210826769096097,6
1583,0.3439311339619663,0.8946173561468995,1
1584,0.9049090439793237,0.5536645752544016,2
1585,0.8395123013455572,0.3805746575791507,2
1586,0.5025939969084886,0.8079817282037539,7
1587,0.2478878928505503,0.5576343332240092,5
1588,0.8869530149108764,0.794702854991514,0
1589,0.8827637072947798,0.8695981917691376,0
1590,0.8986706071177253,0.8005427067799902,0
1591,0.8904248903296288,0.4052815743327378,2
1592,0.4947418064369696,0.0812903382863378,8
1593,0.4248148318904148,0.6828568405079287,10
1594,0.7853274554382972,0.8812575983426272,6
1595,0.938979976013907,0.9116376365586851,0
1596,0.28783838112266297,0.8641340600320031,1
1597,0.25191323900774637,0.9276177278610762,1
1598,0.16769966911427353,0.5906666839142994,3
1599,0.28281827534389353,0.40282548529912887,9
