Temp,Humidity,Light,CO2,Ratio,Occupancy
23.10000000000000142,29.69999999999999929,466.5,1224.666666666669926,0.00519787029713099976,1
19.78999999999999915,36.20000000000000284,24.,507.5,0.005172461510187000011,0
20.39000000000000057,32.28999999999999915,0,684.,0.004785404566568000027,0
21.5,32.09000000000000341,440.25,619.,0.005094232371088000359,1
21.28999999999999915,26.6833333333333016,454.,895.1666666666669698,0.004175644153250999621,1
20.10000000000000142,36.32666666666670352,24.,508.3333333333329733,0.005292250165849000411,0
21.78999999999999915,33.95000000000000284,444.,1178.,0.005489410729864000089,1
21.,25.28999999999999915,0,518.,0.003885959415311000028,0
21.69999999999999929,27.91199999999999903,474.,1073.400000000000091,0.004481151893013999611,1
22.13333333333330089,24.69999999999999929,0,748.6666666666669698,0.004069083657579000181,0
21.78999999999999915,28.26000000000000156,502.,1148.666666666669926,0.004562639964643000305,1
20.10000000000000142,32.28999999999999915,0,570.5,0.004699724967704000007,0
21.69999999999999929,28.66666666666669983,439.,859.,0.004603207041949999682,1
21.19999999999999929,23.78999999999999915,0,577.5,0.003699554803460999852,0
20.39000000000000057,22.5,0,435.75,0.003326758467693000185,0
20.83999999999999986,25.19750000000000156,433.,649.5,0.003833510039615000125,1
19.8566666666667011,35.46666666666669698,0,528.3333333333330302,0.005087992868348999859,0
21.57499999999999929,28.04749999999999943,469.,909.,0.004468518086900999733,1
20,35.09000000000000341,0,535.,0.005078801243498999585,0
23.28999999999999915,27.40833333333329946,526.8333333333330302,1027.5,0.004849508152264999858,1
23.89000000000000057,25.19999999999999929,775.,647.3333333333330302,0.004621250625584999959,1
20.78999999999999915,24.78999999999999915,433.,658.,0.003759478723513000071,1
21.28999999999999915,26.78999999999999915,454.,910.25,0.00419244880685399994,1
21.24500000000000099,31.33999999999999986,433.,957.5,0.004896471464994000232,1
20.5666666666666984,22.09666666666669954,10,914.3333333333330302,0.003302813589121999811,0
22.89000000000000057,24.17500000000000071,628.5,1035.5,0.004170640969816999909,1
21.28999999999999915,32.39999999999999858,433.,582.,0.005077541546365999837,1
20.89000000000000057,25.,438.,731.2000000000000455,0.003815070063400999995,1
20.60000000000000142,25.55000000000000071,0,553.5,0.003830072140150000016,0
20.60000000000000142,26.83999999999999986,0,1234.,0.004024700823440000193,0
21.5,28.33999999999999986,454.,1027.5,0.004494624581490000263,1
21.5,28.,454.,845.,0.004440316831549000372,1
20,35.70000000000000284,6.,515.,0.005167824006367000358,0
21.89000000000000057,29.28999999999999915,419.,643.,0.004759398976882000393,1
20.39000000000000057,22.47250000000000014,0,436.,0.003322670709138999916,0
23.60000000000000142,27.72250000000000014,483.5,1019.,0.004998879492948999671,1
21.78999999999999915,28.,0,592.,0.004520357315160999749,0
20.39000000000000057,26.89000000000000057,0,863.3333333333330302,0.003979999333451000008,0
23.28999999999999915,24.5,746.5,607.5,0.004331337271244999759,1
20.02499999999999858,36.54999999999999716,25.5,506.25,0.005300184799817000275,0
20.53333333333329946,22.19999999999999929,0,445.6666666666670267,0.003311489352150000058,0
22.26000000000000156,30.0666666666666984,75.66666666666669983,655.,0.004998963365541999812,0
21.36499999999999844,27.36499999999999844,454.,976.5,0.004302929511834000138,1
23.,28.47250000000000014,499.,571.25,0.004951032711470000278,1
19.89000000000000057,35.20000000000000284,0,535.,0.005059958804582999868,0
20.78999999999999915,22.60000000000000142,0,467.25,0.003425529498762000091,0
20.60000000000000142,30.39000000000000057,0,779.5,0.004560932384218999679,0
23.24500000000000099,24.47250000000000014,763.25,610.75,0.004314615487168000328,1
22.60000000000000142,29.26749999999999829,467.75,585.75,0.004967475064697000203,1
19.69999999999999929,37.20000000000000284,0,502.,0.005286701350648999841,0
23.19999999999999929,28.41750000000000043,464.,1112.75,0.005002015708431999975,1
20.74500000000000099,26.69999999999999929,0,1264.5,0.004039739753135000201,0
22.64999999999999858,30.64999999999999858,423.6666666666670267,1285.333333333330074,0.005220038010518000295,1
20,30.28999999999999915,0,716.5,0.004379175128153000272,0
21.60000000000000142,28.10000000000000142,464.,910,0.004483845934897000285,1
20.10000000000000142,35.89999999999999858,13.,511.,0.005229568624096000116,0
21.89000000000000057,30.19999999999999929,441.,775.3333333333330302,0.004908433835980999943,1
23.92666666666670139,25.13333333333330089,792.,667.3333333333330302,0.004619179912219000157,1
23.19999999999999929,29.25400000000000134,461.,1198.200000000000045,0.005150474697375000133,1
21.69999999999999929,33.06750000000000256,454.,1254.5,0.005315919184162999633,1
21.69999999999999929,31.3566666666667011,439.,617.3333333333330302,0.005038658274891000266,1
22.94500000000000028,28.13333333333330089,429.,1085.,0.00487520277362799969,1
22.,34.49750000000000227,449.,1318.75,0.005651363026062000174,1
23.28999999999999915,27.28999999999999915,559.,557.75,0.004828408249658000181,1
23.5,26.10000000000000142,631.6666666666669698,543.,0.004675617812056999736,1
22.19999999999999929,34.24499999999999744,419.,1603.,0.005679054157349000369,1
21.60000000000000142,28.8566666666667011,469.,909.,0.004605479312835000089,1
23.31500000000000128,23.04749999999999943,697.,827.5,0.004079063572980000212,1
23.5,27.10000000000000142,567.3333333333330302,573.3333333333330302,0.004856158881037999676,1
21.16666666666669983,23.69999999999999929,0,563.5,0.003677898575194999894,0
20.55000000000000071,23.94500000000000028,0,578.5,0.003576976398609999983,0
23.5,26.78999999999999915,585.,567.,0.004800180025136000297,1
20.67500000000000071,24.47250000000000014,0,464.25,0.003684692401449999807,0
20.69999999999999929,25.10000000000000142,0,509.,0.003785608134158000015,0
22.5,25.66666666666669983,652.,940.3333333333330302,0.004325503797404000109,1
23.,23.29250000000000043,670.5,889.,0.004044434770461000084,1
21.69999999999999929,28.89000000000000057,454.,917.,0.00463933672315600034,1
19.89000000000000057,36.,0,531.5,0.005175914822276000103,0
23.27199999999999847,28.60000000000000142,464.,1126.799999999999955,0.005056526953044000045,1
22.91199999999999903,30.28999999999999915,461.,1301.,0.005241510640644000095,1
21.44500000000000028,28.94500000000000028,221.5,631.,0.004575730501444000113,0
21.10000000000000142,34.20000000000000284,0,1520,0.005299363122531999815,0
21.23000000000000043,32.53000000000000114,419.,573.,0.005079198313498000175,1
21.19999999999999929,31.78999999999999915,40,670.3333333333330302,0.004953532983108999664,0
21.89000000000000057,29.19999999999999929,278.,634.6666666666669698,0.004744663116078000169,0
23.61666666666669911,27.63333333333330089,501.5,999.5,0.004987718421391999779,1
21.5,32.09000000000000341,429.,603.,0.005094232371088000359,1
21.86499999999999844,30.55000000000000071,429.,823.75,0.004958139614759000079,1
20.10000000000000142,33.20000000000000284,0,505.,0.004833202263127000207,0
20.87333333333329932,24.77499999999999858,441.,694.8333333333330302,0.003776627631330999914,1
20.89000000000000057,30.89000000000000057,419.,862.,0.004720722321523000177,1
23.57499999999999929,25.26749999999999829,795.75,716.,0.004546053247642000208,1
20.28999999999999915,22.8566666666667011,413.6666666666670267,442.6666666666670267,0.003358851361106000074,1
20.91750000000000043,25.74500000000000099,0,585.,0.003936172331167000008,0
20,34.09000000000000341,0,506.,0.004932916949725999964,0
23.60000000000000142,26.10000000000000142,636.3333333333330302,547.6666666666669698,0.004704100091924999852,1
20.32333333333329861,22.60000000000000142,0,433.6666666666670267,0.003327816648601000099,0
20.78999999999999915,25.78999999999999915,405.6666666666670267,899.,0.003912085583746000364,1
20.66000000000000014,24.21600000000000108,412.1999999999999886,535.7999999999999545,0.003642457859238999816,1
20.19999999999999929,30.60000000000000142,0,714.3333333333330302,0.004479819285332999751,0
20.82333333333329861,26.8933333333332989,9.333333333333330373,1514.,0.004088985177471000411,0
19.78999999999999915,35.5,0,517.,0.005071625999416000223,0
20.28999999999999915,31.28999999999999915,0,718.5,0.004607333247199999968,0
23.39000000000000057,25.,774.,660,0.00444731978651100035,1
20.10000000000000142,32.59000000000000341,0,510,0.004743722190214999697,0
20.60000000000000142,26.10000000000000142,0,552.,0.003913038560580999782,0
23.,25.39000000000000057,68.,569.5,0.004411220849935999604,0
20,33.78999999999999915,0,541.5,0.004889164896755999849,0
24.28999999999999915,23.47250000000000014,688.,812.75,0.004407561278571999613,1
24.39000000000000057,23.27250000000000085,666.,840.75,0.004396187794416000182,1
21.60000000000000142,31.78999999999999915,444.,629.,0.005077456376271999826,1
20.78999999999999915,25.76333333333329989,0,521.6666666666669698,0.003908015101492999695,0
21.5,28.26749999999999829,454.,948.,0.004483043462617000187,1
22.60000000000000142,25.02499999999999858,428.25,821.5,0.004242498327041000113,1
20.89000000000000057,23.125,0,493.75,0.003527317184587000064,0
19.89000000000000057,35.39999999999999858,0,534.25,0.005088943789075000071,0
21.60000000000000142,32.70000000000000284,441.,1243.,0.005224021069341999723,1
22.,24.69999999999999929,524.3333333333330302,1032.666666666669926,0.004035927135770000194,1
21.91750000000000043,30.33999999999999986,428.25,783.5,0.004939719444512999727,1
22.,28.22250000000000014,534.25,1185.,0.004615767306366000064,1
20.60000000000000142,22.19999999999999929,0,451.3333333333329733,0.003325205811899000202,0
23.5,26.78999999999999915,587.5,563.5,0.004800180025136000297,1
22.69999999999999929,31.37571428571429877,439.,1393.428571428569967,0.005361078360362999881,1
21.89000000000000057,30.57499999999999929,429.,850.5,0.004969869923712000141,1
20.60000000000000142,24.52666666666669926,0,599.3333333333330302,0.003675762834362000017,0
20.60000000000000142,32.4333333333333016,14.,680,0.004869996976398000346,0
19.89000000000000057,35.20000000000000284,0,502.5,0.005059958804582999868,0
22.69999999999999929,26.6833333333333016,656.1666666666669698,1023.666666666670039,0.004553435185153000345,1
22.10000000000000142,28.39000000000000057,536.3333333333330302,1197.,0.004671978538961000203,1
20.60000000000000142,27.14999999999999858,0,504.,0.0040714900997119996,0
21.69999999999999929,28.74500000000000099,446.5,858.25,0.004615878918439999742,1
20.28999999999999915,30.05000000000000071,0,732.,0.004423449489600999804,0
21.,26.60000000000000142,0,573.6666666666669698,0.004088571860949999706,0
20.28999999999999915,28.33999999999999986,0,826.,0.004170044822329999588,0
20.60000000000000142,22.26000000000000156,0,450.6666666666670267,0.003334241029821000211,0
21.53333333333329946,28.22666666666669855,454.,952.3333333333330302,0.004485731964599000247,1
23.8566666666667011,24.96333333333329918,758.,593.6666666666669698,0.00456829777405699973,1
21.46333333333329918,28.3566666666667011,454.,1033.5,0.004487126887411999922,1
20.78999999999999915,24.78999999999999915,433.,666.5,0.003759478723513000071,1
20,33.70000000000000284,0,543.,0.004876040471643999785,0
22.89000000000000057,25.39000000000000057,693.7999999999999545,953.7999999999999545,0.004381727876707999791,1
20.89000000000000057,33.24499999999999744,0,1565.5,0.005083563435412000002,0
21.39000000000000057,32.56000000000000227,444.,1082.666666666669926,0.005134460826116999874,1
22.16666666666669983,34.4333333333333016,433.,1740,0.005698884323486999755,1
21.5,32.12666666666670068,429.,605.,0.005100100868947000064,1
21.96333333333329918,30.39000000000000057,433.,804.25,0.004961894037972000224,1
22.95599999999999952,28.19999999999999929,429.,1089.599999999999909,0.004890127956967999824,1
20.39000000000000057,22.39000000000000057,0,433.5,0.003310407754129000152,0
21.17500000000000071,31.31500000000000128,433.,945.2000000000000455,0.004871398162641999569,1
21.60000000000000142,27.99749999999999872,459.,869.75,0.004467372798289999912,1
21.69999999999999929,28.89000000000000057,464.,914.3333333333330302,0.00463933672315600034,1
20.19999999999999929,30.5,32.5,613.5,0.00446507425916200032,0
20,35.70000000000000284,0,543.5,0.005167824006367000358,0
20.5,22.28999999999999915,0,439.,0.003318118530363999789,0
20,35.86333333333330131,24.,516.6666666666669698,0.005191664992644000332,0
22.78999999999999915,29.,94.,644.25,0.004979235950069000292,0
20.28999999999999915,28.5,0,816.5,0.004193746506203999656,0
22.67500000000000071,26.67500000000000071,652.75,1028.5,0.004545052543480999734,1
20.39000000000000057,27.,0,863.5,0.003996385083391999771,0
21.39000000000000057,29.19999999999999929,0,612.,0.004600695677338000056,0
20.89000000000000057,24.69500000000000028,0,581.,0.003768244233366000156,0
22.39000000000000057,25.05000000000000071,686.,584.5,0.004192554380879999661,1
21.89000000000000057,30.64999999999999858,436.5,896.5,0.004982158586241999809,1
20.19999999999999929,30.28999999999999915,0,718.,0.004434111963344000186,0
21.3566666666667011,26.78999999999999915,454.,925.5,0.004209737561990000397,1
20,34.09000000000000341,0,547.5,0.004932916949725999964,0
21.39000000000000057,27.29333333333330103,459.,975.,0.004298209025641999692,1
21.78999999999999915,31.5,441.5,1048.,0.005090025921659999814,1
23.60000000000000142,27.97800000000000153,470,1034.799999999999955,0.005045324574420999818,1
21.5,27.94500000000000028,459.,902.,0.004431532639064999883,1
20.625,24.41750000000000043,0,457.5,0.003664983694455000145,0
20.39000000000000057,25.83999999999999986,0,809.,0.003823633065460000161,0
20.78999999999999915,29.53333333333329946,153.,618.,0.004484005353829000062,0
20.28999999999999915,30.5,0,736.5,0.004490169020729999766,0
20.64999999999999858,24.25,0,550,0.003645341407209999954,0
20.33999999999999986,30.39000000000000057,0,732.,0.004487802575467000378,0
22.10000000000000142,34.39999999999999858,454.,1321.,0.005670025377243000271,1
21.94500000000000028,30.5,433.,804.,0.004974385534171999607,1
20.5,22.69999999999999929,0,616.,0.003379483274644000217,0
21.69999999999999929,25.86499999999999844,534.,585.5,0.004150321976930999857,1
21.69999999999999929,28.10000000000000142,0,585.,0.004511553410178999884,0
23.39000000000000057,28.19999999999999929,451.6000000000000227,1078.599999999999909,0.005021172116350999977,1
20.74500000000000099,26.28999999999999915,0,1528.,0.003977309630230000184,0
23.78999999999999915,25.22250000000000014,736.,595.5,0.0045974668891790001,1
21.69999999999999929,32.89500000000000313,37.,1143.,0.005287952391093000276,1
21.97250000000000014,30.28999999999999915,419.,983.,0.004948225498368000186,1
23.23000000000000043,27.63333333333330089,554.3333333333330302,557.3333333333330302,0.004871801826037000342,1
21.69999999999999929,26.62666666666670068,489.,946.,0.004273379402207000237,1
20.82333333333329861,24.92666666666670139,0,538.,0.003788143082790000008,0
19.5,39.39999999999999858,0,503.5,0.005532367749174999655,0
19.89000000000000057,35.5,0,516.,0.005103437286188000112,0
22.17500000000000071,27.69999999999999929,543.,1147.25,0.00457862664380799967,1
22.10000000000000142,34.52666666666669926,459.,1329.,0.005691094404465999596,1
20.76000000000000156,22.5666666666666984,0,465.3333333333329733,0.003414102080204000148,0
21.78999999999999915,33.96666666666669698,429.,1203.,0.005492129375457999868,1
20.5,30.39000000000000057,0,754.5,0.004532681935625999629,0
21.19999999999999929,28.69999999999999929,0,559.5,0.004468588608239999933,0
20.60000000000000142,26.99666666666670167,0,502.3333333333329733,0.004048346142696999592,0
22.57499999999999929,28.72250000000000014,195.,629.25,0.004866797438393999885,0
19.94500000000000028,36.5,17.,501.,0.00526648377587300015,0
23.39000000000000057,24.94500000000000028,774.,659.75,0.004437465881332000248,1
20.39000000000000057,22.5,0,439.6666666666670267,0.003326758467693000185,0
23.86499999999999844,25.33999999999999986,805.25,702.,0.004640083834545999722,1
22.19999999999999929,27.69999999999999929,548.,1144.,0.004585655454823999756,1
21.82333333333329861,29.3566666666667011,439.,930.6666666666669698,0.004750786521158000333,1
20.16666666666669983,31.60000000000000142,0,517.3333333333330302,0.004617705821571000194,0
23.10000000000000142,28.10000000000000142,535.5,555.,0.004915637363702000419,1
21.39000000000000057,32.34499999999999886,433.5,1079.5,0.005100278979763999722,1
20.74500000000000099,27.05000000000000071,0,1446.,0.004093043613770000304,0
20.69999999999999929,30.94500000000000028,405.,840.5,0.004673781182780999653,1
19.89000000000000057,35.39999999999999858,0,507.,0.005088943789075000071,0
21.23000000000000043,29.13333333333330089,242.6666666666669983,631.,0.004544971232109999704,0
19.78999999999999915,36.39999999999999858,0,501.,0.00520127761282900003,0
19.69999999999999929,36.78999999999999915,0,503.,0.005227944202527000372,0
21.19999999999999929,34.28999999999999915,0,1458.,0.005346432584194000387,0
20.28999999999999915,30.19999999999999929,0,728.5,0.004445687754265999735,0
21.69999999999999929,28.69999999999999929,469.,906.3333333333330302,0.00460859926717399962,1
21.60000000000000142,28.78999999999999915,0,582.5,0.004594760818357000037,0
22.10000000000000142,28.83999999999999986,163.,637.5,0.004746597562344000328,0
21.31500000000000128,32.5,0,561.,0.005101220142127000333,0
20.0666666666666984,33.86333333333330131,0,547.,0.004920290771337000255,0
20.60000000000000142,24.19666666666670096,0,558.,0.003626018077757000007,0
20.4816666666667011,23.89000000000000057,423.6666666666670267,484.5,0.003553613269473000075,1
20.94500000000000028,24.89999999999999858,0,579.,0.003812671323416999894,0
20.39000000000000057,22.5,0,436.5,0.003326758467693000185,0
20,35.59000000000000341,0,533.,0.005151768853280999823,0
23.89000000000000057,24.99666666666670167,782.6666666666669698,646.6666666666669698,0.004583687972286000327,1
20,30.39000000000000057,0,719.,0.004393734748838000123,0
20.60000000000000142,24.39000000000000057,0,465.25,0.003655160510877999806,0
21.69999999999999929,32.9333333333333016,454.,1235.666666666669926,0.005294167018497999803,1
24.05000000000000071,26.33999999999999986,774.5,1182.,0.004878973048128999908,1
21.78999999999999915,28.78999999999999915,419.,600.75,0.004648849196219000286,1
21.78999999999999915,31.13333333333330089,444.,615.,0.005030297778679000166,1
20.78999999999999915,29.55000000000000071,0,486.,0.004486554083498999618,0
21.78999999999999915,33.9333333333333016,434.,1187.666666666669926,0.005486692107827999612,1
23.28999999999999915,25.60000000000000142,732.,1022.5,0.00452722091017900008,1
21.41750000000000043,27.94500000000000028,0,825.25,0.004409037114685000411,0
22.10000000000000142,34.54500000000000171,454.,1321.75,0.005694143986109999681,1
20.89000000000000057,25.60000000000000142,6.,516.5,0.003907206906392000391,0
20.78999999999999915,25.,0,534.3999999999999773,0.003791519991059999831,0
21.10000000000000142,26.55000000000000071,0,652.25,0.004106153914790000234,0
20.78999999999999915,32.28999999999999915,0,1511.,0.00490584738175799985,0
21.,25.49500000000000099,0,523.,0.003917657287567000331,0
19.83999999999999986,36.72249999999999659,7.,503.5,0.005264189032179999832,0
21.76749999999999829,29.,454.,897.5,0.004676532095273000164,1
21.625,24.29250000000000043,481.,947.5,0.003878474645334000024,1
22.19999999999999929,34.5,444.,1397.,0.005721731345680000115,1
21.89000000000000057,28.89000000000000057,295.5,640.25,0.00469391156556400041,0
21.89000000000000057,31.69999999999999929,444.,1092.5,0.005154250455888000071,1
20,35.78999999999999915,40,512.,0.005180960652147999744,0
23.28999999999999915,25.78999999999999915,592.75,898.25,0.004561067766954999755,1
20.60000000000000142,22.14499999999999957,9.,673.,0.003316923758163000096,0
20.10000000000000142,32.28999999999999915,0,568.5,0.004699724967704000007,0
20.10000000000000142,30.5,0,713.,0.004437336538869999895,0
21.10000000000000142,31.41750000000000043,433.,937.,0.004864836619298000021,1
21.5,27.31500000000000128,460.25,1009.25,0.004330931276499999649,1
23.39000000000000057,24.89000000000000057,98.66666666666669983,583.,0.004427612286148000301,0
20.94500000000000028,25.89000000000000057,0,596.5,0.003965225828854000364,0
20.5,22.28999999999999915,0,787.5,0.003318118530363999789,0
23.28999999999999915,24.46333333333329918,774.,607.6666666666669698,0.004324809926072000106,1
21.69999999999999929,29.42666666666670139,82.,638.6666666666669698,0.004726172845386999825,0
21.81500000000000128,24.55000000000000071,508.,991.5,0.003965929732184000044,1
20.89000000000000057,34.78999999999999915,201.25,509.5,0.00532183401023000012,0
21.47250000000000014,28.31500000000000128,454.,1034.75,0.004483020443516999923,1
20.60000000000000142,31.60000000000000142,0,512.,0.004743914247238000155,0
21.,26.24500000000000099,0,570.5,0.004033652478331000227,0
22.69999999999999929,26.26000000000000156,444.,945.,0.004480674155298999817,1
19.69999999999999929,36.5,0,502.5,0.005186390914405999628,0
21.78999999999999915,31.19750000000000156,434.,1018.5,0.005040749382351999638,1
23.69999999999999929,22.74500000000000099,756.5,812.25,0.004120340203843999953,1
21.89000000000000057,30.86499999999999844,443.5,605.5,0.005017388755428999966,1
21.89000000000000057,29.89000000000000057,419.,719.,0.004857655759937000266,1
20.78999999999999915,27.10000000000000142,0,1538.5,0.004112113228828999725,0
20.39000000000000057,30.10000000000000142,0,721.5,0.004458518308447999637,0
21.36499999999999844,27.99749999999999872,465.25,916.75,0.004403089165756999927,1
20,30.24500000000000099,0,716.5,0.004372623519659999888,0
21.83999999999999986,29.44500000000000028,444.25,933.75,0.004770081366799999896,1
24.32999999999999829,25.69999999999999929,817.,1125.799999999999955,0.00484075873127300018,1
23.24500000000000099,28.92000000000000171,467.75,1160,0.005105166157874999923,1
23.19999999999999929,25.28999999999999915,94.,588.,0.004447580435068000312,0
20.69999999999999929,24.60000000000000142,0,477.5,0.003709747848257000016,0
19.89000000000000057,35.39999999999999858,0,512.,0.005088943789075000071,0
21.47250000000000014,28.39000000000000057,446.5,1012.,0.004494980758797000042,1
20.26749999999999829,30.36499999999999844,89.25,608.25,0.004463894549472999587,0
20.60000000000000142,23.94500000000000028,0,558.,0.003588086736015000128,0
21.,26.49500000000000099,0,568.5,0.004072327096398999612,0
20.60000000000000142,24.49666666666670167,0,562.,0.003671240256878999936,0
23.47250000000000014,27.05000000000000071,574.25,579.25,0.004839034885092000429,1
22.69999999999999929,26.33999999999999986,444.,948.,0.004494422976116000182,1
24.10000000000000142,26.5666666666666984,758.3333333333330302,1191.333333333330074,0.004936203207125000429,1
23.28999999999999915,25.89000000000000057,561.,912.,0.00457888337102699966,1
23.,28.28999999999999915,505.3333333333329733,564.,0.004919047137894000214,1
20.5,31.5,0,511.5,0.00469948978389999987,0
20.42666666666670139,22.32333333333329861,0,437.3333333333329733,0.003308019689135000083,0
22.125,34.29999999999999716,442.5,1518.75,0.00566209157558700011,1
20.39000000000000057,25.19999999999999929,0,796.5,0.003728362415245000099,0
19.89000000000000057,30.53333333333329946,0,722.3333333333330302,0.004384402348685000061,0
20.89000000000000057,25.69999999999999929,0,576.6666666666669698,0.003922565684600000206,0
22.69999999999999929,31.10000000000000142,433.,1354.666666666669926,0.005313565399302999648,1
24.10000000000000142,26.15399999999999991,775.,1194.,0.00485892895958999968,1
23.89000000000000057,25.07499999999999929,766.,610.5,0.00459815829724199987,1
20.89000000000000057,29.49500000000000099,0,491.,0.00450598892332100022,0
21.125,31.89000000000000057,24.,670.75,0.00494623044637399964,0
20.5,23.19500000000000028,0,715.5,0.003453586028079999939,0
19.60000000000000142,36.5,0,499.,0.005154010923029000123,0
21.64999999999999858,27.83999999999999986,474.,1069.799999999999955,0.004455767175565000272,1
21.10000000000000142,27.19500000000000028,0,569.,0.0042065825723480001,0
20,30.28999999999999915,0,711.,0.004379175128153000272,0
23.19999999999999929,29.19999999999999929,453.,1181.,0.00514088885036899975,1
20.39000000000000057,30.19999999999999929,0,715.3333333333330302,0.004473437192390000011,0
20.69999999999999929,26.89000000000000057,0,1276.,0.004057338824272000224,0
20.69999999999999929,25.28999999999999915,0,544.,0.003814439866038000192,0
23.46333333333329918,25.33333333333330017,792.,679.,0.004527178164276999747,1
22.10000000000000142,34.47249999999999659,440,1508.,0.005682084449988000427,1
22.07499999999999929,29.10000000000000142,210,634.5,0.004782369258225000266,0
20.97250000000000014,31.14750000000000085,423.6666666666670267,864.3333333333330302,0.004784776509040000389,1
20.28999999999999915,22.69999999999999929,0,439.5,0.003335705287178000137,0
20.67500000000000071,24.47250000000000014,0,469.,0.003684692401449999807,0
20.07499999999999929,30.33999999999999986,0,723.6666666666669698,0.004407019682368999713,0
19.94500000000000028,35.39999999999999858,0,540.5,0.005106464808119000331,0
20.69999999999999929,25.,0,490.5,0.00377043460545999987,0
20,30.28999999999999915,0,710,0.004379175128153000272,0
20.89000000000000057,28.02250000000000085,418.75,1632.,0.004279485471866999874,1
22.22250000000000014,34.49750000000000227,439.,1488.5,0.005729229983369999758,1
21.78999999999999915,28.10000000000000142,0,589.5,0.004536619197280000043,0
20.39000000000000057,30.19999999999999929,0,720.5,0.004473437192390000011,0
23.5,28.,445.,1053.599999999999909,0.005018734807869999585,1
22.69999999999999929,28.91750000000000043,484.,576.25,0.004937715960381000059,1
20.78999999999999915,24.89999999999999858,0,571.3333333333330302,0.003776261835390000172,0
20.78999999999999915,24.78999999999999915,0,565.,0.003759478723513000071,0
23.89000000000000057,26.39000000000000057,755.5,1166.,0.004841174852604999794,1
21.69999999999999929,32.84499999999999886,454.,1154.25,0.005279846540400000288,1
20,35.59000000000000341,14.,515.,0.005151768853280999823,0
22.19999999999999929,27.28999999999999915,444.,593.5,0.004517288193500000257,1
21.41750000000000043,28.49749999999999872,454.,1005.5,0.004496838308711999938,1
23.10000000000000142,28.91799999999999926,444.,1166.599999999999909,0.005059897209170999798,1
20,33.39999999999999858,0,508.,0.004832296356566999698,0
22.78999999999999915,30.80999999999999872,444.,1356.599999999999909,0.005292653347600999661,1
21.69999999999999929,31.,74.,659.,0.004980887065908000226,0
21.89000000000000057,34.59000000000000341,472.3333333333329733,1269.,0.005628401052813000391,1
23.72250000000000014,22.78999999999999915,288.,838.75,0.004134179617044000075,0
20.69999999999999929,28.28999999999999915,0,487.,0.00427003013846600013,0
20,36.39999999999999858,7.,498.75,0.005270012425404000354,0
20,35.59000000000000341,14.,520,0.005151768853280999823,0
21.89000000000000057,30.41750000000000043,429.,795.5,0.004944065300297000032,1
22.69999999999999929,31.28999999999999915,444.,1400.5,0.005346306720705000341,1
20.19999999999999929,31.39000000000000057,0,510.3333333333329733,0.004596329397832999743,0
21.89000000000000057,30.3566666666667011,421.5,797.5,0.004934099003814000281,1
21.81500000000000128,29.67249999999999943,419.,679.,0.004799829726558999844,1
21.94500000000000028,27.78999999999999915,433.,634.5,0.004529180761127999874,1
20.24500000000000099,30,0,734.5,0.00440368304746099979,0
21.,25.10000000000000142,0,578.6666666666669698,0.00385658376615100008,0
22.19999999999999929,34.39999999999999858,439.,1509.75,0.005704994501731000187,1
20,30.39000000000000057,0,722.6666666666669698,0.004393734748838000123,0
20.19999999999999929,22.89000000000000057,0,445.3333333333329733,0.003345010339196000104,0
22.19999999999999929,27.78999999999999915,538.,1166.,0.004600664899617999855,1
21.28999999999999915,31.5666666666666984,435.,1002.666666666670039,0.004945907898490999738,1
23.42666666666670139,26.82999999999999829,605.6666666666669698,564.,0.00478602181679999971,1
23.78999999999999915,25.28999999999999915,734.,588.,0.004609861733978999794,1
22.89000000000000057,30.86499999999999844,465.25,1372.,0.005334690230144999851,1
20.89000000000000057,25.5,0,572.75,0.00389184888190900009,0
19.5,39.09000000000000341,0,513.,0.005488454874538999627,0
21.28999999999999915,25.26333333333329989,64.66666666666669983,510,0.003952018097823999619,0
21.93400000000000105,28.28999999999999915,519.,1184.799999999999955,0.004608156936117000294,1
21.10000000000000142,27.33999999999999986,456.5,1017.5,0.004229163993043999654,1
20.69999999999999929,24.5,0,469.6000000000000227,0.003694577998085999803,0
19.89000000000000057,35.20000000000000284,0,541.,0.005059958804582999868,0
22.,27.78999999999999915,433.,614.,0.004544515466235000099,1
19.83999999999999986,35.45000000000000284,0,522.5,0.005080285618729999883,0
21.44500000000000028,27.26999999999999957,439.,969.75,0.004309106012183000316,1
21.78999999999999915,29.,454.,893.3333333333330302,0.004683014133443999874,1
19.89000000000000057,35.39999999999999858,0,519.,0.005088943789075000071,0
21.3566666666667011,24.,0,600,0.00376866510404099981,0
20,30.55000000000000071,0,722.5,0.004417031549835999729,0
20.39000000000000057,35.09000000000000341,103.5,499.,0.005203838569367000289,0
20.78999999999999915,26.89000000000000057,0,1515.,0.004080039124206000234,0
22.90833333333329946,25.39000000000000057,689.,956.3333333333330302,0.004386631268221000308,1
20.10000000000000142,33.5,0,549.,0.004877218229739999598,0
21.60000000000000142,32.74499999999999744,438.,1275.5,0.005231270551714999745,1
21.5,24.19999999999999929,0,638.,0.003833987908546999859,0
20.28999999999999915,22.78999999999999915,0,431.6666666666670267,0.003349001758518000034,0
21.89000000000000057,29.125,419.,626.,0.004732383761374000034,1
20.89000000000000057,25.,441.,730.7999999999999545,0.003815070063400999995,1
20.19999999999999929,31.39000000000000057,0,512.,0.004596329397832999743,0
21.28999999999999915,31.28999999999999915,429.5,957.75,0.004902217746085999785,1
22.72250000000000014,28.89000000000000057,484.,569.75,0.004939774543132999587,1
21.28999999999999915,32.5,0,578.,0.005093341298728000163,0
22.03333333333329946,34.25999999999999801,0,1551.333333333330074,0.005623629037792000213,0
22.10000000000000142,24.69999999999999929,0,727.,0.004060772100333000408,0
21.69999999999999929,32.95000000000000284,459.,1157.,0.00529686906882100017,1
21.67500000000000071,29.81500000000000128,438.,904.,0.004781651551340000174,1
20.89000000000000057,32.09000000000000341,0,509.,0.004905557030509000334,0
22.97250000000000014,23.52499999999999858,658.75,903.3333333333330302,0.004078230780202999825,1
22.02499999999999858,34.5,454.,1322.5,0.005660479112107000277,1
21.60000000000000142,27.19999999999999929,554.,1021.5,0.004339233345342000288,1
23.89000000000000057,25.19999999999999929,802.,688.6666666666669698,0.004621250625584999959,1
21.,24.69999999999999929,0,574.,0.003794749306662000086,0
23.69999999999999929,26.69999999999999929,469.,845.3333333333330302,0.004842380755335999772,1
22.28999999999999915,26.64999999999999858,439.,552.75,0.004435005150741000088,1
19.89000000000000057,35.20000000000000284,0,532.25,0.005059958804582999868,0
21.28999999999999915,21.10000000000000142,0,592.5,0.003297283014217999852,0
22.10000000000000142,26.60000000000000142,464,1073.25,0.004375336469695999611,1
19.39000000000000057,27.19999999999999929,0,463,0.003782676300665999917,0
20.60000000000000142,19.5,0,435,0.002918891060950000102,0
21.5,33.5,475.25,1281.5,0.005319981915929999916,1
19.28999999999999915,31.60000000000000142,0,437.3333333333329733,0.004371412404401000401,0
23.10000000000000142,27.19999999999999929,419,701.6666666666669698,0.004756992933314999755,1
21.14999999999999858,20,0,538.5,0.003097662361945000171,0
22.52499999999999858,28.02499999999999858,513.5,1085,0.004733202949514000134,1
19.28999999999999915,26.78999999999999915,0,474,0.003702056695408999926,0
22.10000000000000142,26.67500000000000071,454,1047,0.004387759969609999686,1
20,18.64999999999999858,0,442,0.002689047398020999805,0
20.26000000000000156,32.86333333333330131,0,448.3333333333329733,0.004831765507215000054,0
19.78999999999999915,19.33999999999999986,0,439.5,0.002752747398135000061,0
19.5,27.60000000000000142,0,447.5,0.003865169579758000185,0
20.19999999999999929,26.19999999999999929,62.5,420.5,0.003831694076382999824,0
20,18.69999999999999929,0,443.3333333333329733,0.002696287891489000145,0
20.19999999999999929,26.17500000000000071,56.5,419,0.003828015378175000146,0
19.39000000000000057,27.19999999999999929,14,422.5,0.003782676300665999917,0
20.10000000000000142,33.09000000000000341,0,444,0.004817064624046000013,0
19.78999999999999915,19.19999999999999929,0,438,0.002732733033694000058,0
21.69999999999999929,20.14000000000000057,492,773.5,0.003226917277111000099,1
20.39000000000000057,32.95000000000000284,0,513,0.004883985140139999841,0
20.5,21.10000000000000142,0,454,0.003140079283851000044,0
20,18.78999999999999915,0,440.5,0.002709321202702999996,0
20.39000000000000057,18.69999999999999929,0,430,0.002762410641212000029,0
21.5,26.10000000000000142,0,493.75,0.004137005583212999618,0
20.28999999999999915,33,0,492,0.004861092042156000062,0
19.89000000000000057,18.89000000000000057,0,437,0.002705218443889999963,0
21.69999999999999929,24.69666666666670096,487.5,833.25,0.003961656072843999961,1
21.72250000000000014,20.5,490.25,816,0.003289448011190999888,0
19.5,30.10000000000000142,0,436,0.004217649513761000286,0
21.28999999999999915,24,424.6000000000000227,664.25,0.003753198623508000129,1
19.69999999999999929,19.28999999999999915,0,449,0.002730238030798999918,0
21.69999999999999929,20.625,481.5,830.75,0.003305038970463000051,1
22.19999999999999929,27.05000000000000071,454,1131,0.004477275255427000042,1
19.89000000000000057,18.94500000000000028,0,441,0.002713129296990999823,0
21.60000000000000142,34.28999999999999915,489,1272.5,0.005480271133238999795,1
19.55000000000000071,26.86499999999999844,26.5,423.5,0.003773398568214000014,0
22.17500000000000071,26.91750000000000043,440.25,1096.75,0.004448359557322000002,1
20.10000000000000142,24.0666666666666984,0,441.6666666666670267,0.003496112927278000049,0
20.53333333333329946,19,0,432.6666666666670267,0.002831984247959000184,0
20.28999999999999915,33.03000000000000114,0,448.6666666666670267,0.00486554578538299972,0
21.5,34.5,454,1430,0.005480186515673999767,1
21.10000000000000142,33.04500000000000171,454,1361.75,0.005118920522383999666,1
19.33999999999999986,26.28999999999999915,0,466.5,0.003643953726687000193,0
19.28999999999999915,27.69999999999999929,0,435,0.003828581814036999872,0
22.92666666666670139,17.53333333333329946,317,452,0.003026013010876999962,0
20.44500000000000028,33.28999999999999915,0,619,0.004951701663116999871,0
22.19999999999999929,20.72250000000000014,530.5,827,0.00342419136227499997,1
21.78999999999999915,18.99333333333330032,571,631,0.003059157658152000196,1
19.28999999999999915,26.78999999999999915,0,470,0.003702056695408999926,0
21.39000000000000057,24.26000000000000156,446,754.6666666666669698,0.003817581692406999804,1
22.17500000000000071,26.60000000000000142,439,1070.25,0.004395519029249000433,1
20.5,31.24500000000000099,440,967.75,0.004661161203799999916,1
20.5,18.78999999999999915,0,434,0.002794762939846999819,0
22.07499999999999929,21.39249999999999829,484,880.5,0.003508553788768999961,1
22.19999999999999929,28.10000000000000142,451,970.6666666666669698,0.004652369602896000433,1
22.19999999999999929,27,454,1129.75,0.00446893986995300016,1
21.69999999999999929,20.39000000000000057,469,781,0.003267183753378000068,1
20.5,33.5,0,640,0.005000268772069000299,0
21.89000000000000057,36.53000000000000114,454,1600.666666666669926,0.005947091372589000287,1
20.39000000000000057,33.5,419,490.3333333333329733,0.004966159308981000012,1
19.72250000000000014,26.69999999999999929,31,422,0.003790729471686999849,0
22.89000000000000057,17.60000000000000142,334.5,451.25,0.0030308030107760002,0
22.19999999999999929,27,454,1134.25,0.00446893986995300016,1
21.28999999999999915,21.17500000000000071,475.25,826.75,0.003309065566452999881,1
19.39000000000000057,27.19999999999999929,0,423.5,0.003782676300665999917,0
20.69999999999999929,20.60000000000000142,0,443,0.003103527038290000099,0
19.28999999999999915,26.78999999999999915,0,470.5,0.003702056695408999926,0
22.00833333333330089,21.08416666666670025,478.3000000000000114,861.6333333333329847,0.003443598009261999993,1
22,38.34499999999999886,438,1911,0.006288030425575999796,1
19.60000000000000142,30.24500000000000099,277.5,432.75,0.004264712870190000282,0
21,35.64999999999999858,433,719,0.00549189055547400027,1
20.5,31.12249999999999872,433,929.25,0.004642750121577000379,1
22.19999999999999929,20.74500000000000099,513.5,840,0.003427929758109999822,1
20.28999999999999915,33,0,451,0.004861092042156000062,0
22.73000000000000043,17.03333333333329946,160.6666666666669983,441,0.002904320313916000131,0
21.78999999999999915,21.19750000000000156,464.5,902.5,0.003416121138045000172,1
20.19999999999999929,21.19999999999999929,0,442.5,0.003096814053932000176,0
21.69999999999999929,21.44500000000000028,438,874,0.003437165424586999946,1
22.60000000000000142,26.8566666666667011,661.3333333333330302,1105,0.004555295670453999614,1
19.44500000000000028,26.44500000000000028,0,470.5,0.003689738886066999853,0
21.19999999999999929,25.5,0,467.3333333333329733,0.003967170945675000011,0
21.52499999999999858,33.52000000000000313,464,1445,0.00533140930935899985,1
21.64999999999999858,20.91750000000000043,497.75,850,0.003341874496114000028,1
22.60000000000000142,26.5,630.5,1035.75,0.004494362501136999963,1
22.39000000000000057,26.42666666666670139,444,1068.666666666669926,0.004424602574842000091,1
19.28999999999999915,26.26000000000000156,0,465,0.003628389814035000091,0
22.10000000000000142,38.96999999999999886,443.5,2011.25,0.006431069828748000108,1
23,27.125,419,686,0.004714942145904999632,1
20.81500000000000128,18.81500000000000128,205,458.5,0.002853609700617000186,0
22.19999999999999929,20.64999999999999858,519,826,0.003412145724145999783,1
21.69999999999999929,26.69999999999999929,0,518,0.004285229934603999868,0
21.39000000000000057,25.69999999999999929,0,481.5,0.004045655627794999577,0
19.23000000000000043,30.53333333333329946,17.33333333333330017,433,0.004206990325484999925,0
22.10000000000000142,38.79999999999999716,447,2012.75,0.006402726593800999767,1
21.73000000000000043,20.5666666666666984,462.3333333333329733,830.6666666666669698,0.003301723496224000156,1
20.69999999999999929,20.44500000000000028,0,461.5,0.003080059622324000067,0
22.28999999999999915,25.44500000000000028,433,998.5,0.004233108273379000176,1
22.10000000000000142,39.06750000000000256,433,2022.5,0.006447326661340999944,1
21.28999999999999915,21.28999999999999915,457,835,0.003327133008996000039,1
20.14999999999999858,33,0,443.5,0.004818864292599999745,0
20.86499999999999844,19.74249999999999972,429.5,589.75,0.003004232808186999872,1
22.60000000000000142,28.19999999999999929,513.5,1103,0.004784898054224999593,1
22.19999999999999929,27.07499999999999929,460,1129,0.004481443031344000197,1
20.14999999999999858,33.09000000000000341,0,446.5,0.004832108748312999996,0
22,38.09000000000000341,444,1860.5,0.006245794182762999872,1
20.66666666666669983,35.25999999999999801,0,1039.666666666669926,0.005320051334497999732,0
20.89000000000000057,19.78999999999999915,433,635.5,0.003016154116039000081,1
19.28999999999999915,31.05000000000000071,32.25,435.25,0.004294802343079999647,0
22.19999999999999929,38.45000000000000284,433,1954,0.006383551344664999995,1
22.17500000000000071,38.97249999999999659,328,1986.5,0.006461251669434999942,1
21.5,24.28999999999999915,469.6666666666670267,788,0.003848334759900999894,1
19.26749999999999829,31,17,428.75,0.004281792008634000175,0
21.78999999999999915,20.29250000000000043,486.5,799.5,0.00326950760367200003,1
22.10000000000000142,26.10000000000000142,466.5,1035,0.004292525729163000105,1
22,38.64500000000000313,438,1940,0.00633772739425599984,1
21.76749999999999829,20.54500000000000171,479,817.5,0.003305834567061999903,1
22.28999999999999915,28.5,494,1037,0.004745224792958999821,1
21.72250000000000014,20.60000000000000142,479,826,0.003305579374962000147,1
21.28999999999999915,19.625,483.75,662.5,0.00306564969062399998,1
22.24500000000000099,24.89000000000000057,433,940.75,0.004128761592515999695,1
22.10000000000000142,39.02250000000000085,433,2019,0.006439823403323999967,1
19.28999999999999915,31.55000000000000071,0,434,0.004364447078906000255,0
22.23000000000000043,38.92999999999999972,403.6666666666670267,1995,0.006476013236709999774,1
19.69999999999999929,28.94500000000000028,0,437.5,0.004105792840028999954,0
19.78999999999999915,27.5,0,444,0.003921518722409999581,0
22.10000000000000142,38.82666666666670352,433,2001,0.006407172422371000195,1
19.60000000000000142,29.78999999999999915,0,436.5,0.00420012211417000042,0
20.5,33.89999999999999858,0,726,0.005060459218532999646,0
20.78999999999999915,20.10000000000000142,0,462,0.003044744347770000133,0
22,37.95000000000000284,444,1832.75,0.006222608071869999667,1
22.10000000000000142,37.81750000000000256,426,1801.75,0.006238969441297000269,1
20.33999999999999986,33,0,489.5,0.00487625244872299992,0
22.39000000000000057,26.01500000000000057,444,1056.25,0.004355194838135999572,1
19.39000000000000057,26.69999999999999929,0,469.5,0.003712726757489999939,0
22.89000000000000057,17.60000000000000142,337.1999999999999886,457,0.0030308030107760002,0
22.16666666666669983,26.8566666666667011,444,1077,0.004435966026022000047,1
19.28999999999999915,26.89000000000000057,0,463,0.003715958052468000105,0
22.19999999999999929,26.60000000000000142,454.75,1076.5,0.004402264770377999591,1
21.10000000000000142,19.78999999999999915,0,513.5,0.003055534033507000067,0
19.26000000000000156,30.5666666666666984,31,433.3333333333329733,0.004219547414909000094,0
21,19.69999999999999929,0,476,0.003022848223585999829,0
22.39000000000000057,26.41750000000000043,438,1067.75,0.004423056890989000324,1
19.39000000000000057,31,0,438.3333333333329733,0.004314804364517000126,0
22.24500000000000099,25.14999999999999858,433,986,0.00417217977515599997,1
19.19999999999999929,31.10000000000000142,0,429.5,0.004277545490476999945,0
22.55000000000000071,17.22250000000000014,157,440.5,0.002904666714552999861,0
21.83999999999999986,21.44249999999999901,464.5,913.75,0.003466453761576999797,1
21.78999999999999915,21.78999999999999915,450.6666666666670267,935,0.003512145700210999796,1
22.66666666666669983,26.96333333333329918,647.6666666666669698,1108.333333333330074,0.004592203433664000106,1
21.69999999999999929,20.39000000000000057,481.5,788,0.003267183753378000068,1
22.10000000000000142,21.16333333333329847,479,892.3333333333330302,0.003476081496634000206,1
21,23.89000000000000057,0,451,0.003669571941547000032,0
22.19999999999999929,26.97250000000000014,449.5,1104.75,0.004464355502486999638,1
21.39000000000000057,19.5,485.25,663.25,0.003064851754355999922,1
22.23000000000000043,27.73000000000000043,441,932,0.00459911494453700033,1
19.94500000000000028,18.69999999999999929,0,438.5,0.002687075881223000094,0
20.89000000000000057,19.625,419,597.5,0.002990885876904999987,1
20.14999999999999858,18.94500000000000028,0,440.5,0.002757367763894999924,0
22.19999999999999929,21.29250000000000043,518.75,902.5,0.003518911167042000025,1
21.32333333333329861,21.0666666666666984,474,825.6666666666669698,0.003298818380520999929,1
20.39000000000000057,21.63333333333330089,0,431,0.003197957830311000046,0
22.10000000000000142,39.03000000000000114,433,2016,0.00644107393388399993,1
19.78999999999999915,19.19999999999999929,0,437,0.002732733033694000058,0
21.5,33.31750000000000256,474.5,1257,0.005290753403081999671,1
22.60000000000000142,17.60000000000000142,357.3333333333329733,458.6666666666670267,0.002977708992905999958,0
19.78999999999999915,19.28999999999999915,0,442.3333333333329733,0.002745599263623999843,0
21.39000000000000057,33.28999999999999915,474,1453,0.005250547929102999771,1
21.69999999999999929,21.53333333333329946,447,871.6666666666669698,0.003451401890371999862,1
21.72250000000000014,20.69999999999999929,485.25,848,0.003321711571076000052,1
20,18.78999999999999915,0,440,0.002709321202702999996,0
19.10000000000000142,31.24500000000000099,0,435.5,0.004270729852650000102,0
20,18.69999999999999929,0,437,0.002696287891489000145,0
19.39000000000000057,27.60000000000000142,0,434,0.003838647196702999961,0
21.28999999999999915,33,13,1169,0.005172352004685999705,0
21.39000000000000057,19.5,495,665.25,0.003064851754355999922,1
19.10000000000000142,31,24,435.5,0.004237013855805000194,0
21.19999999999999929,32.89999999999999858,454,1110.75,0.005127919643678999738,1
22.10000000000000142,25.74500000000000099,469,1025,0.00423374339422399968,1
22,18,74,446,0.002935993910648999807,0
19.28999999999999915,31.24500000000000099,0,433.5,0.004321961947742000362,0
20.39000000000000057,32.89999999999999858,0,510,0.004876515829267000224,0
20.5,31.22250000000000014,442.5,968,0.004657779495348000377,1
22.28999999999999915,25.03000000000000114,433,970,0.004163605448701999945,1
21.47250000000000014,33.56750000000000256,464,1458.75,0.005321746572163999801,1
20.39000000000000057,19.10000000000000142,0,463.3333333333329733,0.002821767702269000096,0
20.89000000000000057,20.10000000000000142,0,467,0.003063633303261000147,0
20.28999999999999915,33.20000000000000284,0,449.6666666666670267,0.004890784859125999959,0
22.13333333333330089,20.82333333333329861,498.6666666666670267,846,0.003426922086159999922,1
19.78999999999999915,19.28999999999999915,0,443,0.002745599263623999843,0
22.69999999999999929,26.89000000000000057,531.25,1120,0.00458896245772799985,0
20.28999999999999915,32.89999999999999858,0,455.5,0.004846246688450999568,0
22.28999999999999915,17.69999999999999929,100,443,0.002938539083186999818,0
20.19999999999999929,18.89000000000000057,0,442.6666666666670267,0.002757882028098999818,0
20.5,31.16333333333329847,441,970.3333333333330302,0.004648887028781000137,1
20.5,19.39000000000000057,0,432.5,0.002884418815607000044,0
21.60000000000000142,20.60000000000000142,0,775.5,0.003280777538608000126,0
21.94500000000000028,37.45000000000000284,444,1757.75,0.006119044154937000428,1
19.89000000000000057,18.83999999999999986,0,436,0.002698026933110999996,0
22.39000000000000057,27.5,0,632,0.004605640854260999867,0
22.55000000000000071,27.82000000000000028,450.25,1097,0.004705513107647000398,1
22.19999999999999929,27,438,849,0.00446893986995300016,1
20.5,21.39000000000000057,0,436,0.003183457655938999945,0
20.78999999999999915,31.83999999999999986,438,1144,0.004836946829315000307,1
21.19999999999999929,21.0666666666666984,449.3333333333329733,789.6666666666669698,0.003273823398606000128,1
20.19999999999999929,20.60000000000000142,0,446,0.003008744412626000037,0
21.5,34.39999999999999858,468,1395,0.005464162373627999905,1
20.89000000000000057,18.83999999999999986,212,460,0.002870698291925999953,0
22.625,26.49749999999999872,536.25,1041,0.004500810841466000231,1
21.28999999999999915,23.89000000000000057,422.5,650.5,0.003735893142519000187,0
19.39000000000000057,27.19999999999999929,20.66666666666669983,426,0.003782676300665999917,0
22.24500000000000099,25.72250000000000014,433,1030.5,0.004267804503908999639,1
22.07499999999999929,23.97250000000000014,426,839,0.00393437247979700009,1
21.76000000000000156,20.73000000000000043,471,849,0.003334225348116000125,1
20.39000000000000057,26.19999999999999929,73.25,421.5,0.003877235556264999917,0
22.39000000000000057,26.96333333333329918,444,1067.333333333330074,0.004515108636311999935,1
22.10000000000000142,39.06750000000000256,433,2025.25,0.006447326661340999944,1
21,35.70000000000000284,433,730.25,0.005499661171599000073,1
22.19999999999999929,27.0666666666666984,474,1099.333333333330074,0.004480053766543000415,1
22.28999999999999915,17.60000000000000142,118,440.6666666666670267,0.002921859179584999824,0
22.17500000000000071,26.60000000000000142,450.25,1077.75,0.004395519029249000433,1
20.60000000000000142,31.26749999999999829,438,1016,0.004693621392637999622,1
21,19.60000000000000142,0,470,0.003007429624679999833,0
21.60000000000000142,21.28999999999999915,433,831.6666666666669698,0.00339126680268500005,1
21,20.78999999999999915,440,759,0.003190960302542999831,1
20.28999999999999915,18.5,0,436,0.002715831553899999799,0
19.78999999999999915,27.3566666666667011,0,437,0.003900951103036000029,0
20.89000000000000057,19.72250000000000014,433,595.75,0.00300581686217000002,1
21.89000000000000057,36.59499999999999886,453.25,1616.5,0.005957774744630999972,1
20.28999999999999915,19.24500000000000099,0,455.5,0.002825695671245000151,0
22.60000000000000142,28.28999999999999915,525,1100,0.004800286859074000267,1
20.39000000000000057,32.89999999999999858,0,502.5,0.004876515829267000224,0
19.55000000000000071,29.64999999999999858,0,442,0.004167194260267999793,0
22.32333333333329861,28.39000000000000057,486,1052.333333333330074,0.004736441615393999736,1
20.28999999999999915,21.28999999999999915,0,446,0.003127467698553999895,0
21.24500000000000099,25.19999999999999929,0,465,0.00393111266145100037,0
19.55000000000000071,29.69999999999999929,0,441.5,0.004174268729880000264,0
20.28999999999999915,33,0,487,0.004861092042156000062,0
21.28999999999999915,33.22249999999999659,459,1147.25,0.005207518170486999907,1
20.5,33.5,0,645,0.005000268772069000299,0
20.69999999999999929,19.5,418.3333333333329733,530.3333333333330302,0.002937022196394000091,1
21.28999999999999915,19.60000000000000142,486.5,658.5,0.00306172518106099991,1
20.5,21.10000000000000142,0,438,0.003140079283851000044,0
19.44500000000000028,26.69999999999999929,0,459.5,0.00372553086680999998,0
19.39000000000000057,31.28999999999999915,0,435.5,0.004355451307684999641,0
21.39000000000000057,21.19999999999999929,457,847,0.003333475918032000052,1
20.05000000000000071,29.57499999999999929,405,689.75,0.004288443800500999978,1
21.05000000000000071,21,436.5,764,0.003233330864389000019,1
22.625,26.49749999999999872,565.75,1037.5,0.004500810841466000231,1
21.89000000000000057,37.47249999999999659,444,1774.5,0.006102035854511999799,1
19.69999999999999929,27.89000000000000057,0,440,0.00395519151262099973,0
20.39000000000000057,19.19999999999999929,0,454,0.002836608729875999928,0
21.52499999999999858,24.54250000000000043,478.5,791.25,0.003894583111195999963,1
21.5,19.41750000000000043,500.25,655.25,0.003072557180240000074,1
20.10000000000000142,29.85600000000000165,408.5,719.25,0.004342989074710999764,1
19.69999999999999929,19.39000000000000057,0,448,0.002744454125540000174,0
22.42666666666670139,28.19999999999999929,543,1066.333333333330074,0.004734389663363000253,1
20.60000000000000142,31.32333333333329861,447,1013,0.00470206599480799993,1
21.69999999999999929,20.96333333333329918,433,780.3333333333330302,0.003359547794813000192,1
19.5,26.5,0,472,0.003710204084438999995,0
22.05000000000000071,20.05000000000000071,557.25,773.75,0.003282175644723999905,1
22.10000000000000142,21.19999999999999929,481.5,863,0.003482137719311999887,1
20.28999999999999915,33,0,452.5,0.004861092042156000062,0
22.19999999999999929,20.44500000000000028,539,804.5,0.003378088154660000095,1
21.5,18.78999999999999915,37,440,0.002972789215110000112,0
21.96333333333329918,37.56000000000000227,439,1828.333333333330074,0.006144131899010999917,1
20.10000000000000142,33,0,447.3333333333329733,0.004803861719186000231,0
21.60000000000000142,34.47500000000000142,462.75,1419.75,0.005510099991082999596,1
22.10000000000000142,26.64000000000000057,469,1048.25,0.004381962274988999984,1
21.39000000000000057,20.86499999999999844,449.5,798.5,0.003280522891862000176,1
20.19999999999999929,23.39000000000000057,0,439,0.003418478979180000071,0
20.10000000000000142,18.89000000000000057,0,444,0.002740796044099999898,0
22.0666666666666984,18,335.3333333333329733,459,0.002948011028336999795,0
21.02499999999999858,23.72250000000000014,419,590,0.003649328670490000186,1
19.69999999999999929,19.39000000000000057,0,447,0.002744454125540000174,0
19.78999999999999915,19.39000000000000057,0,445,0.002759895696221999813,0
19.3566666666667011,27.19999999999999929,0,464.3333333333329733,0.003774788418189000197,0
19.19999999999999929,31.19999999999999929,14,431,0.004291394550818000177,0
21.78999999999999915,20.64999999999999858,469.25,829.5,0.003327415785325000142,1
20.39000000000000057,22.10000000000000142,0,440,0.003267305425809999969,0
22.60000000000000142,28.39000000000000057,489,1102.5,0.004817386417409999684,1
22.41750000000000043,26.82000000000000028,456,1063.25,0.004498504201655999582,1
21.02499999999999858,23.72250000000000014,412,585.75,0.003649328670490000186,1
22.69999999999999929,26,13,974,0.004435994654945999739,0
22.10000000000000142,39,433,2012.5,0.006436071841501999832,1
22.89000000000000057,27.39000000000000057,0,689,0.004729506155909999829,0
21.19999999999999929,25.39000000000000057,0,466.25,0.003949948983023999875,0
21.83999999999999986,18.24500000000000099,57.25,440.5,0.002947087887612000103,0
21.28999999999999915,24.19999999999999929,419,689.3333333333330302,0.003784665586872000206,1
19.39000000000000057,27.19999999999999929,0,425,0.003782676300665999917,0
19.94500000000000028,25.74500000000000099,0,440,0.003705430086064000119,0
20.5,18.89000000000000057,0,433.5,0.002809703799173000113,0
21.39000000000000057,33.49750000000000227,464,1462.75,0.005283553135222000124,1
22,38.14500000000000313,444,1879.25,0.006254903480304999791,1
19.39000000000000057,30.83999999999999986,0,440,0.004292380723003999705,0
20.28999999999999915,33,0,488,0.004861092042156000062,0
20.5,18.74500000000000099,0,433,0.0027880397862710001,0
19.78999999999999915,28.05000000000000071,0,433.5,0.004000453529444000095,0
22.10000000000000142,26.5,464,1063.5,0.004358772569708999935,1
21.28999999999999915,25.69999999999999929,0,472.5,0.004020768725912999934,0
21.78999999999999915,21.60000000000000142,438,916.5,0.003481349802041999991,1
20.69999999999999929,20.39000000000000057,0,461,0.003071732898259999997,0
20.19999999999999929,33,0,444,0.004833908262185999949,0
21.19999999999999929,32.84499999999999886,454,1102,0.005119276578894000305,1
21.78999999999999915,21.94500000000000028,460,959.5,0.003537270915886999833,1
22.19999999999999929,27,524,1085.5,0.00446893986995300016,1
20.28999999999999915,30.44500000000000028,422.5,814.75,0.004482013648998000276,1
20.5,33.20000000000000284,0,585,0.004955133519744000029,0
20.89000000000000057,19.69999999999999929,426,587.5,0.003002371186865999877,1
21,23.60000000000000142,405,567.3333333333330302,0.003624767527362000082,1
21.39000000000000057,20.96999999999999886,480.25,831.75,0.003297119144059999871,1
20.83999999999999986,19.76749999999999829,433,635.25,0.003003408953463999973,1
20.5,34.09000000000000341,0,774,0.005089053729090999879,0
22.28999999999999915,25.60000000000000142,433,1019.5,0.004259071117428000174,1
21.5,34.28999999999999915,454,1402.25,0.005446536762633000239,1
19.69999999999999929,19.39000000000000057,0,450,0.002744454125540000174,0
21.78999999999999915,20.34250000000000114,494,800.25,0.003277606004936000142,1
21.39000000000000057,21.33999999999999986,449.5,848.5,0.003355608198291999949,1
20.28999999999999915,32.89999999999999858,0,469,0.004846246688450999568,0
19.5,27.60000000000000142,0,448.5,0.003865169579758000185,0
20.19999999999999929,32.89999999999999858,0,449,0.004819146563601999986,0
19.5,30.19999999999999929,0,437,0.004231756969430000397,0
20.39000000000000057,18.60000000000000142,0,434,0.002747573138039000051,0
19.5,27.60000000000000142,0,449.5,0.003865169579758000185,0
19.96333333333329918,28.96000000000000085,399.6666666666670267,622,0.00417603550199600014,1
19.69999999999999929,19.5,14,454.75,0.002760092577048000109,0
19.24500000000000099,31.10000000000000142,0,431,0.004289640703213999998,0
21.39000000000000057,33.66333333333329847,484,1184.666666666669926,0.005309933287233999794,1
19.66666666666669983,19.46333333333329918,42.33333333333330017,456.3333333333329733,0.002749158157976000147,0
21.69999999999999929,21.07999999999999829,433,805.75,0.003378346144693000156,1
22.19999999999999929,21.5,509,905,0.003553399623081000044,1
22.28999999999999915,26.24249999999999972,442.5,1051,0.004366714254183000007,1
21.10000000000000142,21.10000000000000142,454.75,779.75,0.003258854966124000076,1
22.10000000000000142,26.5,453,1038,0.004358772569708999935,1
21,18.76749999999999829,206.5,456.75,0.002879099310245999879,0
20.89000000000000057,23.10000000000000142,0,454,0.003523482267183000206,0
20.13333333333330089,18.69999999999999929,409,458.6666666666670267,0.002718735501566000006,0
20.28999999999999915,32.89999999999999858,0,464,0.004846246688450999568,0
19.42666666666670139,27.13333333333330089,6,423,0.00378202069192899986,0
21.67500000000000071,21.10000000000000142,500.25,853.75,0.003376375680458999946,1
20.39000000000000057,22.19999999999999929,0,436,0.003282167626410999791,0
22.10000000000000142,38.78999999999999915,447,1990.799999999999955,0.006401059424304999732,1
19.33999999999999986,31.19999999999999929,0,433.5,0.004329246364572000329,0
21.28999999999999915,32.97500000000000142,469.25,1130.5,0.00516840099653000009,1
21.5,33.69333333333329961,479,1429,0.005350948425924999599,1
19.55000000000000071,29.89000000000000057,0,442,0.004201153172350999797,0
22.19999999999999929,26.89750000000000085,438,919.75,0.004451853023137999736,1
20.83999999999999986,22.94500000000000028,0,449,0.00348889583848599992,0
22.5,27.14999999999999858,481.5,1068.25,0.004577323827919000179,1
20.94500000000000028,24.78999999999999915,0,445,0.003795725412711000151,0
19.5,27,0,458,0.003780633431710000037,0
22.10000000000000142,21.29250000000000043,489,889.75,0.003497416438568999846,1
21.28999999999999915,19.74500000000000099,293.5,662.25,0.003084488022536999857,1
21.64999999999999858,20.33999999999999986,465.5,789.5,0.003249128524077000112,1
19.28999999999999915,30.89000000000000057,36,435.25,0.004272519298446000348,0
22.57499999999999929,26.83999999999999986,660,1093.5,0.004545491877257000143,1
22.10000000000000142,38.26749999999999829,428.3333333333329733,1894.333333333330074,0.006313962122731000062,1
20.32333333333329861,20.5,0,442,0.00301709482512099985,0
21.78999999999999915,20.94500000000000028,464,844.5,0.003375208236855999858,1
20.5,19.89000000000000057,0,438.5,0.002959151703086000153,0
21.5,33.56750000000000256,467.75,1472.5,0.005330793151810999872,1
19.69999999999999929,19.5,0,450,0.002760092577048000109,0
21.69999999999999929,20.76749999999999829,480,854.75,0.003327995962291999815,1
22.28999999999999915,27.39000000000000057,0,621.5,0.004559056148523000021,0
19.28999999999999915,27.5,0,424,0.003800769708611000022,0
20,18.78999999999999915,0,439.5,0.002709321202702999996,0
23.03333333333329946,17.3566666666667011,312.3333333333329733,455,0.003014875758356999787,0
20.39000000000000057,19.03333333333329946,173.3333333333330017,456,0.002811874075527999884,0
21.31500000000000128,20.91750000000000043,465.25,824,0.003273655445865000183,1
22.10000000000000142,26.39000000000000057,454,1034.5,0.004340553291510999834,1
19.78999999999999915,27.39000000000000057,0,443.5,0.003905734149709000087,0
20.89000000000000057,32.25999999999999801,439,1204.333333333330074,0.00493175076456099995,1
21.89000000000000057,37,444,1714.333333333330074,0.006024348560092000239,1
19.19999999999999929,31.39000000000000057,0,431,0.004317709452965000014,0
20.60000000000000142,20.74500000000000099,0,439.5,0.00310618168450499995,0
21.64999999999999858,18.44500000000000028,44,443,0.002944986410141999921,0
19.89000000000000057,18.89000000000000057,0,437,0.002705218443889999963,0
21.76749999999999829,21.81749999999999901,444,926.75,0.003511744760101000173,1
22.39000000000000057,26.26749999999999829,438,1052.75,0.004397764966111999616,1
22.19999999999999929,27.0666666666666984,454,1137.333333333330074,0.004480053766543000415,1
21.55000000000000071,36.84499999999999886,0,1512,0.005874310342465999778,0
21.39000000000000057,19.5,480.6666666666670267,660,0.003064851754355999922,1
20.89000000000000057,19.63333333333330089,428.3333333333329733,595.3333333333330302,0.002992162001610999995,1
20,18.89000000000000057,0,443,0.002723803297459000041,0
22.10000000000000142,21.22500000000000142,494,884.5,0.00348626702928899997,1
19.28999999999999915,31.55000000000000071,0,434,0.004364447078906000255,0
23,16.74500000000000099,189,442.75,0.002902243235122000092,0
20.28999999999999915,33,0,470,0.004861092042156000062,0
21.03333333333329946,24.89000000000000057,0,439.5,0.003832009888551000075,0
21.5,24.39000000000000057,457.3333333333329733,782.3333333333330302,0.003864276477345999789,1
20.14999999999999858,21.24500000000000099,0,446.5,0.003093788470814999927,0
20.10000000000000142,33.09000000000000341,0,447.5,0.004817064624046000013,0
21.78999999999999915,35.64500000000000313,464,1471,0.005766017667668999966,1
22.10000000000000142,26.66666666666669983,454,1048,0.004386379556393999596,1
20,18.78999999999999915,0,440,0.002709321202702999996,0
21,24.39000000000000057,0,444,0.003746836003920000092,0
19.69999999999999929,19.39000000000000057,0,446.5,0.002744454125540000174,0
20.89000000000000057,20.10000000000000142,0,469.5,0.003063633303261000147,0
21.69999999999999929,20,499,760,0.003204370315663999935,1
23.10000000000000142,17.10000000000000142,293.5,449.75,0.00298214071142600002,0
20.39000000000000057,30.69500000000000028,433,889,0.004547296133253999999,1
22.10000000000000142,38.83400000000000318,447,1982,0.006408395036255999828,1
19.64999999999999858,29.24500000000000099,0,438,0.004135684054170999865,0
19.69999999999999929,28.60000000000000142,0,440,0.004056536091148000081,0
22.10000000000000142,21.32000000000000028,490.25,876,0.00350195890445399987,1
20.78999999999999915,31.89499999999999957,429,1142.5,0.00484536719552200023,1
21.28999999999999915,25.28999999999999915,0,458,0.003956216176531000134,0
21.125,33.06750000000000256,471.75,1352,0.005130370468684000013,1
21.39000000000000057,21.39000000000000057,454,854.25,0.003363512963775999905,1
22.39000000000000057,26.04500000000000171,429,1046,0.004360252372228000384,1
20.13333333333330089,19.19999999999999929,143.3333333333330017,456.3333333333329733,0.002791755238056999825,0
20.28999999999999915,32.9333333333333016,0,459,0.004851195061559000071,0
20.28999999999999915,32.89999999999999858,0,460.5,0.004846246688450999568,0
21.69999999999999929,20.19999999999999929,494,780.25,0.003236580758424000004,1
19.69999999999999929,19.39000000000000057,0,442.5,0.002744454125540000174,0
22.19999999999999929,24.33999999999999986,433,907,0.004025816920721000079,1
20.19999999999999929,19.10000000000000142,0,449,0.00278867884197900014,0
21,19.60000000000000142,0,473,0.003007429624679999833,0
22.19999999999999929,27.10000000000000142,444,1126.5,0.004485610862715000251,1
21.26749999999999829,21,460,794.5,0.003277024111401999947,1
19.69999999999999929,19.39000000000000057,0,444,0.002744454125540000174,0
19.5,26.64999999999999858,0,459,0.003731331223984999876,0
19.39000000000000057,27.19999999999999929,9.333333333333330373,425.3333333333329733,0.003782676300665999917,0
21.39000000000000057,24.28999999999999915,446.5,758.25,0.003822331537749999904,1
21.5,33.31750000000000256,474.5,1254.75,0.005290753403081999671,1
19.69999999999999929,19.5,12,452.6666666666670267,0.002760092577048000109,0
20.33999999999999986,18.69999999999999929,0,431.5,0.002753854396176000016,0
21.96333333333329918,38.09000000000000341,444,1866.666666666669926,0.006231698859958999769,1
21.83999999999999986,21.60000000000000142,429,904,0.0034920585956859998,1
21.69999999999999929,21.05000000000000071,433,801,0.003373512175355000003,1
22.10000000000000142,26.57499999999999929,449.5,1041.5,0.004371195412569000259,1
22.07499999999999929,26.36499999999999844,464,1044,0.00432976346026800029,1
21.44500000000000028,25.74500000000000099,0,488,0.004066555607148999822,0
22.19999999999999929,26.60000000000000142,449.5,1075.5,0.004402264770377999591,1
20,18.78999999999999915,0,435,0.002709321202702999996,0
22,37.67249999999999943,440.25,1802,0.006176654945536000363,1
20.5,33.78999999999999915,408,502.5,0.005043905693771000287,1
22.10000000000000142,21.36499999999999844,479,878.25,0.003509392172761000017,1
20.19999999999999929,23.74500000000000099,0,444,0.003470652193899000006,0
20.5,21.19999999999999929,0,452.3333333333329733,0.00315503666319500017,0
19.19999999999999929,31.55000000000000071,0,434.5,0.004339871085795999998,0
20.89000000000000057,24.89000000000000057,0,438.3333333333329733,0.003798181251197000133,0
21.76000000000000156,20.53333333333329946,490.6666666666670267,818.3333333333330302,0.003302425420442000117,1
22.82333333333329861,25.8566666666667011,340.6666666666670267,983,0.004444720143420999997,1
21.39000000000000057,25.69999999999999929,0,475,0.004045655627794999577,0
21.10000000000000142,36.25999999999999801,433,820.3333333333330302,0.005621449373509000355,1
21.69999999999999929,20.32000000000000028,491.5,795.75,0.003255908617227000045,1
19.69999999999999929,27.96333333333329918,393.6666666666670267,534.3333333333330302,0.003965657508305999758,1
19.78999999999999915,19.28999999999999915,0,441,0.002745599263623999843,0
19.24500000000000099,31.14999999999999858,17,439,0.004296584870775999911,0
22.28999999999999915,25.94500000000000028,484,809.5,0.004316867112408999917,1
22.19999999999999929,27.74500000000000099,438,942,0.004593160087337000257,1
20.28999999999999915,32.89999999999999858,0,459,0.004846246688450999568,0
20.69999999999999929,22.44500000000000028,0,459,0.003383000368837000161,0
20.22250000000000014,26.22250000000000014,44,423.75,0.003840377932739000039,0
20.19999999999999929,32.89999999999999858,0,451,0.004819146563601999986,0
20.39000000000000057,18.60000000000000142,0,435,0.002747573138039000051,0
20.19999999999999929,32.89999999999999858,0,452,0.004819146563601999986,0
22.10000000000000142,26.07250000000000156,476.25,1029.5,0.004287971773693000088,1
21.52499999999999858,20,48.5,723.5,0.003170072238329000106,0
22.5,27.10000000000000142,478.5,1070.75,0.004568832214560000077,1
22.13333333333330089,24.28999999999999915,433,898.6666666666669698,0.004001105680295999681,1
20.67500000000000071,26.36499999999999844,134.5,420.75,0.003971455282231000326,0
20.5,33.5,0,660.5,0.005000268772069000299,0
20.86499999999999844,19.76749999999999829,433,637.25,0.003008055477028999999,1
22,19.76749999999999829,570,724.75,0.003225787360734999956,1
21.89000000000000057,25.14999999999999858,495.5,880,0.004082265789281999853,1
23.10000000000000142,27.19999999999999929,426,704.5,0.004756992933314999755,1
20.73000000000000043,22.5,419,472,0.003397642982520000018,1
22.10000000000000142,37.9333333333333016,428.3333333333329733,1830,0.006258271402015000429,1
21.73000000000000043,20.92999999999999972,477.3333333333329733,865,0.003360367282668000073,1
21.39000000000000057,33.72249999999999659,484,1198.25,0.005319345838315999581,1
22.10000000000000142,21.63333333333330089,490.6666666666670267,925,0.003553720144276999865,1
22.19999999999999929,27.07499999999999929,481.5,1115,0.004481443031344000197,1
19.39000000000000057,26.74500000000000099,0,472,0.003719021576000999807,0
21.5,33.28999999999999915,471,1255.333333333330074,0.005286349342753999744,1
21.19999999999999929,19.28999999999999915,0,485,0.002996393983654999874,0
22.10000000000000142,26.625,464,1047.75,0.004379477581577999844,1
21.19999999999999929,19.39000000000000057,0,491,0.003012002609189000195,0
21.67500000000000071,20.41750000000000043,477.75,792.5,0.003266589973533000173,1
20.39000000000000057,22.10000000000000142,0,439,0.003267305425809999969,0
22.19999999999999929,21.31749999999999901,528.75,894,0.003523066201218999841,1
21,23.76749999999999829,0,442.25,0.003650645156170000214,0
22.5,27.39000000000000057,461,1068.333333333330074,0.004618086776163999804,1
20.96333333333329918,23.46333333333329918,413,536,0.003595494079437999875,1
19.63333333333330089,27.63333333333330089,405,506.6666666666670267,0.003902271346096000074,1
21.89000000000000057,19.76000000000000156,552.3333333333330302,731,0.003202873539064000213,1
20.28999999999999915,22.74500000000000099,0,438,0.00334235345216899989,0
19.5,26.69999999999999929,0,473,0.003738373920884999896,0
21.97250000000000014,37.79500000000000171,444,1826.5,0.006186449121275999774,1
21.97250000000000014,37.94749999999999801,444,1845.5,0.006211660264982999877,1
21.19999999999999929,20,0,545,0.003107232110142999892,0
20.23000000000000043,30.26000000000000156,419,780.3333333333330302,0.004437973499746000229,1
19.28999999999999915,31.10000000000000142,0,441,0.004301766119720999877,0
20,18.78999999999999915,0,432,0.002709321202702999996,0
19.39000000000000057,26.78999999999999915,0,462.5,0.003725316521166999965,0
19.39000000000000057,30.57499999999999929,13,431.5,0.004255245098488000255,0
21.5,34.06750000000000256,489,1235.5,0.005410887985564999912,1
21.89000000000000057,21.28999999999999915,461.5,879,0.003452245748766000211,1
20.28999999999999915,32.89999999999999858,0,459.5,0.004846246688450999568,0
20.5,34.78999999999999915,0,902,0.005194424432475999893,0
21.05000000000000071,20.05000000000000071,0,644,0.003086335351147999947,0
21.39000000000000057,25.69999999999999929,0,485,0.004045655627794999577,0
22.10000000000000142,38.85999999999999943,433,1998.333333333330074,0.006412729796548000127,1
20,18.64999999999999858,0,432,0.002689047398020999805,0
21.26000000000000156,23.8566666666667011,423.6666666666670267,641,0.003723749553243000179,1
21.47250000000000014,19.94500000000000028,54.5,713.3999999999999773,0.003151112420458999832,0
21.83999999999999986,21.64999999999999858,436.5,918.75,0.003500187552851999947,1
20.19999999999999929,20.74500000000000099,0,443.5,0.003030025635240999986,0
22.19999999999999929,26.74500000000000099,443.5,837,0.004426432854016000389,1
21.5,21.10000000000000142,539.5,843,0.003340219791278999963,1
20.8566666666667011,19.79333333333330103,433,648,0.00301045402891800002,1
20.42666666666670139,33.56000000000000227,405,494.3333333333329733,0.004986492611426999663,1
22.19999999999999929,26.60000000000000142,444,1071.5,0.004402264770377999591,1
19.39000000000000057,26.78999999999999915,0,463,0.003725316521166999965,0
20.39000000000000057,19.24500000000000099,0,485.5,0.002843287422314000074,0
21.39000000000000057,33.39999999999999858,478,1456.666666666669926,0.00526804423228900004,1
19.19999999999999929,31.10000000000000142,0,430.5,0.004277545490476999945,0
19.39000000000000057,26.28999999999999915,0,467,0.003655379799957999849,0
19.39000000000000057,27.60000000000000142,0,443,0.003838647196702999961,0
20.86499999999999844,19.76749999999999829,433,620,0.003008055477028999999,1
19.39000000000000057,25.89000000000000057,0,473.6666666666670267,0.003599441678119999922,0
21.10000000000000142,21.19999999999999929,444,782.5,0.003274381082169000156,1
20.24500000000000099,22.97250000000000014,0,436,0.003366537023171000016,0
20.28999999999999915,33.09000000000000341,0,450.3333333333329733,0.004874453461699000158,0
21.66666666666669983,21.39000000000000057,433,843,0.003421282702656000107,1
20.5,34.74499999999999744,0,890.5,0.005187649536510000395,0
22.10000000000000142,38.86333333333330131,442.3333333333329733,1995.333333333330074,0.006413285539370999593,1
20.10000000000000142,33.09000000000000341,0,454,0.004817064624046000013,0
21.78999999999999915,18.19999999999999929,316.75,453.5,0.002930777501588999797,0
20.69999999999999929,22.39000000000000057,0,449,0.003374665571892000119,0
21.39000000000000057,24.28999999999999915,444,753.75,0.003822331537749999904,1
23.14999999999999858,27.24500000000000099,426,713.5,0.004779463524422000037,1
22.19999999999999929,27,454,1108.666666666669926,0.00446893986995300016,1
22.0666666666666984,26.46333333333329918,474,1051,0.004343802191848000066,1
19.78999999999999915,19.05000000000000071,0,441,0.002711290494757000007,0
19.69999999999999929,28.5,0,437,0.004042260221388999791,0
19.28999999999999915,31.28999999999999915,0,438,0.004328229883341999651,0
21.74500000000000099,20.5,479,822.3333333333330302,0.003293998911373999944,1
21.5,20.83999999999999986,528.5,832.5,0.003298842393197999948,1
20.89000000000000057,19.63333333333330089,423.6666666666670267,585.3333333333330302,0.002992162001610999995,1
20.26749999999999829,19.21750000000000114,400,470.25,0.002817700370382000049,1
19.78999999999999915,19.19999999999999929,0,438,0.002732733033694000058,0
20.39000000000000057,32.89999999999999858,0,501,0.004876515829267000224,0
19.92666666666670139,18.69999999999999929,0,441.6666666666670267,0.002684011373071999978,0
20.5,31.10000000000000142,447,977,0.004639368611828000206,1
22.19999999999999929,26.05000000000000071,444,782,0.004310609678704000088,1
22.39000000000000057,28.39000000000000057,532,1054,0.004755835822514000409,1
20.19999999999999929,18.60000000000000142,0,438,0.002715358085538000042,0
19.5,26.69999999999999929,0,472,0.003738373920884999896,0
19.78999999999999915,26.60000000000000142,40.75,422,0.003792395604249999917,0
20.5,31.10000000000000142,437.6666666666670267,954,0.004639368611828000206,1
21.26000000000000156,25.66666666666669983,0,467.3333333333329733,0.004008090128419000003,0
22.10000000000000142,26.5,453,1038,0.004358772569708999935,1
22.10000000000000142,17.94500000000000028,288.75,461,0.002944966834377000034,0
22.39000000000000057,26.32333333333329861,441,1053.666666666669926,0.004407178943971999836,1
21.28999999999999915,33.14500000000000313,464,1421.75,0.005195268833702000079,1
22.19999999999999929,20.55000000000000071,541.75,810.3333333333330302,0.003395531812218000132,1
22.33999999999999986,26.39000000000000057,447,1074.75,0.00440490737826100022,1
20.39000000000000057,21.28999999999999915,0,445.3333333333329733,0.003146947634471999877,0
20.10000000000000142,33,0,446,0.004803861719186000231,0
22.23000000000000043,25.66666666666669983,433,1023.666666666670039,0.00425456331565000033,1
20.69999999999999929,31.78999999999999915,429,1127.666666666669926,0.004802391218118999897,1
20.19999999999999929,21,0,441,0.003067454749215999844,0
21.33999999999999986,20.99500000000000099,449.5,801.25,0.003290915717563000064,1
21.28999999999999915,33.17249999999999943,485.25,1417.75,0.00519961531779499983,1
21.28999999999999915,21.03333333333329946,454.6666666666670267,807.6666666666669698,0.003286810007215000117,1
19.69999999999999929,19.39000000000000057,0,445,0.002744454125540000174,0
22.39000000000000057,26.78999999999999915,456,1074,0.004485874005706999915,1
19.28999999999999915,30.74500000000000099,112.5,425,0.004252326658815999867,0
21,19.60000000000000142,0,479.5,0.003007429624679999833,0
20,18.89000000000000057,0,437,0.002723803297459000041,0
19.39000000000000057,26.66666666666669983,0,471.3333333333329733,0.003708064010619000102,0
21,19.78999999999999915,0,593,0.003036725613045999916,0
19.89000000000000057,26.24500000000000099,0,438.5,0.003764896329057000179,0
21.19999999999999929,19.78999999999999915,0,516.3333333333330302,0.003074444908281999921,0
20.5,19.10000000000000142,0,436.5,0.002841081929793000047,0
20.19999999999999929,33,0,447,0.004833908262185999949,0
21,25,0,445,0.003841124005714000034,0
21.5666666666666984,34.42999999999999972,464,1366.5,0.005491531995760999714,1
20.5,21.24500000000000099,0,450,0.003161767717417000162,0
19.39000000000000057,30.78999999999999915,0,440,0.004285373664309999678,0
22.19999999999999929,27,486.5,1114,0.00446893986995300016,1
21.97250000000000014,37.74499999999999744,444,1837.5,0.006178183613002000141,1
19.78999999999999915,27.94500000000000028,0,436,0.003985382619636999683,0
21.69999999999999929,20.60000000000000142,467.75,825.25,0.003301011601835000201,1
21.96333333333329918,37.56000000000000227,434,1798.333333333330074,0.006144131899010999917,1
20.89000000000000057,19.94500000000000028,0,469.5,0.003039892807997999873,0
22.72250000000000014,26.74749999999999872,558,1125.25,0.00457074584096700022,1
21,23.5,411,542.75,0.003609319217202000031,1
21.5,34.25999999999999801,487.3333333333329733,1260.333333333330074,0.005441729949669999941,1
22.19999999999999929,26.60000000000000142,448,1068,0.004402264770377999591,1
21.14999999999999858,32.84499999999999886,365.75,1121,0.005103459483640999939,1
20.63333333333330089,20.63333333333330089,0,460,0.003095765453820000131,0
19.52499999999999858,29.67500000000000071,0,437.25,0.004164211194874999945,0
20.46333333333329918,26.23000000000000043,69,421.6666666666670267,0.003899428066506999916,0
19.78999999999999915,19.28999999999999915,0,437,0.002745599263623999843,0
21.69999999999999929,20.39000000000000057,462.75,787,0.003267183753378000068,1